t,mode,x,y,z,force_n,target_n,v_norm_cmd_mps,v_lat_mps,obstacle_active
0.0,approach,-0.46,0.015,0.0798,0.0,10.0,0.02,0.0,0
0.01,approach,-0.46,0.015,0.0796,0.0,10.0,0.02,0.0,0
0.02,approach,-0.46,0.015,0.0794,0.0,10.0,0.02,0.0,0
0.03,approach,-0.46,0.015,0.0792,0.0,10.0,0.02,0.0,0
0.04,approach,-0.46,0.015,0.079,0.0,10.0,0.02,0.0,0
0.05,approach,-0.46,0.015,0.0788,0.0,10.0,0.02,0.0,0
0.06,approach,-0.46,0.015,0.0786,0.0,10.0,0.02,0.0,0
0.07,approach,-0.46,0.015,0.0784,0.0,10.0,0.02,0.0,0
0.08,approach,-0.46,0.015,0.0782,0.0,10.0,0.02,0.0,0
0.09,approach,-0.46,0.015,0.078,0.0,10.0,0.02,0.0,0
0.1,approach,-0.46,0.015,0.0778,0.0,10.0,0.02,0.0,0
0.11,approach,-0.46,0.015,0.0776,0.0,10.0,0.02,0.0,0
0.12,approach,-0.46,0.015,0.0774,0.0,10.0,0.02,0.0,0
0.13,approach,-0.46,0.015,0.0772,0.0,10.0,0.02,0.0,0
0.14,approach,-0.46,0.015,0.077,0.0,10.0,0.02,0.0,0
0.15,approach,-0.46,0.015,0.0768,0.0,10.0,0.02,0.0,0
0.16,approach,-0.46,0.015,0.0766,0.0,10.0,0.02,0.0,0
0.17,approach,-0.46,0.015,0.0764,0.0,10.0,0.02,0.0,0
0.18,approach,-0.46,0.015,0.0762,0.0,10.0,0.02,0.0,0
0.19,approach,-0.46,0.015,0.076,0.0,10.0,0.02,0.0,0
0.2,approach,-0.46,0.015,0.0758,0.0,10.0,0.02,0.0,0
0.21,approach,-0.46,0.015,0.0756,0.0,10.0,0.02,0.0,0
0.22,approach,-0.46,0.015,0.0754,0.0,10.0,0.02,0.0,0
0.23,approach,-0.46,0.015,0.0752,0.0,10.0,0.02,0.0,0
0.24,approach,-0.46,0.015,0.075,0.0,10.0,0.02,0.0,0
0.25,approach,-0.46,0.015,0.0748,0.0,10.0,0.02,0.0,0
0.26,approach,-0.46,0.015,0.0746,0.0,10.0,0.02,0.0,0
0.27,approach,-0.46,0.015,0.0744,0.0,10.0,0.02,0.0,0
0.28,approach,-0.46,0.015,0.0742,0.0,10.0,0.02,0.0,0
0.29,approach,-0.46,0.015,0.074,0.0,10.0,0.02,0.0,0
0.3,approach,-0.46,0.015,0.0738,0.0,10.0,0.02,0.0,0
0.31,approach,-0.46,0.015,0.0736,0.0,10.0,0.02,0.0,0
0.32,approach,-0.46,0.015,0.0734,0.0,10.0,0.02,0.0,0
0.33,approach,-0.46,0.015,0.0732,0.0,10.0,0.02,0.0,0
0.34,approach,-0.46,0.015,0.073,0.0,10.0,0.02,0.0,0
0.35,approach,-0.46,0.015,0.0728,0.0,10.0,0.02,0.0,0
0.36,approach,-0.46,0.015,0.0726,0.0,10.0,0.02,0.0,0
0.37,approach,-0.46,0.015,0.0724,0.0,10.0,0.02,0.0,0
0.38,approach,-0.46,0.015,0.0722,0.0,10.0,0.02,0.0,0
0.39,approach,-0.46,0.015,0.072,0.0,10.0,0.02,0.0,0
0.4,approach,-0.46,0.015,0.0718,0.0,10.0,0.02,0.0,0
0.41,approach,-0.46,0.015,0.0716,0.0,10.0,0.02,0.0,0
0.42,approach,-0.46,0.015,0.0714,0.0,10.0,0.02,0.0,0
0.43,approach,-0.46,0.015,0.0712,0.0,10.0,0.02,0.0,0
0.44,approach,-0.46,0.015,0.071,0.0,10.0,0.02,0.0,0
0.45,approach,-0.46,0.015,0.0708,0.0,10.0,0.02,0.0,0
0.46,approach,-0.46,0.015,0.0706,0.0,10.0,0.02,0.0,0
0.47,approach,-0.46,0.015,0.0704,0.0,10.0,0.02,0.0,0
0.48,approach,-0.46,0.015,0.0702,0.0,10.0,0.02,0.0,0
0.49,approach,-0.46,0.015,0.07,0.0,10.0,0.02,0.0,0
0.5,approach,-0.46,0.015,0.0698,0.0,10.0,0.02,0.0,0
0.51,approach,-0.46,0.015,0.0696,0.0,10.0,0.02,0.0,0
0.52,approach,-0.46,0.015,0.0694,0.0,10.0,0.02,0.0,0
0.53,approach,-0.46,0.015,0.0692,0.0,10.0,0.02,0.0,0
0.54,approach,-0.46,0.015,0.069,0.0,10.0,0.02,0.0,0
0.55,approach,-0.46,0.015,0.0688,0.0,10.0,0.02,0.0,0
0.56,approach,-0.46,0.015,0.0686,0.0,10.0,0.02,0.0,0
0.57,approach,-0.46,0.015,0.0684,0.0,10.0,0.02,0.0,0
0.58,approach,-0.46,0.015,0.0682,0.0,10.0,0.02,0.0,0
0.59,approach,-0.46,0.015,0.068,0.0,10.0,0.02,0.0,0
0.6,approach,-0.46,0.015,0.0678,0.0,10.0,0.02,0.0,0
0.61,approach,-0.46,0.015,0.0676,0.0,10.0,0.02,0.0,0
0.62,approach,-0.46,0.015,0.0674,0.0,10.0,0.02,0.0,0
0.63,approach,-0.46,0.015,0.0672,0.0,10.0,0.02,0.0,0
0.64,approach,-0.46,0.015,0.067,0.0,10.0,0.02,0.0,0
0.65,approach,-0.46,0.015,0.0668,0.0,10.0,0.02,0.0,0
0.66,approach,-0.46,0.015,0.0666,0.0,10.0,0.02,0.0,0
0.67,approach,-0.46,0.015,0.0664,0.0,10.0,0.02,0.0,0
0.68,approach,-0.46,0.015,0.0662,0.0,10.0,0.02,0.0,0
0.69,approach,-0.46,0.015,0.066,0.0,10.0,0.02,0.0,0
0.7,approach,-0.46,0.015,0.0658,0.0,10.0,0.02,0.0,0
0.71,approach,-0.46,0.015,0.0656,0.0,10.0,0.02,0.0,0
0.72,approach,-0.46,0.015,0.0654,0.0,10.0,0.02,0.0,0
0.73,approach,-0.46,0.015,0.0652,0.0,10.0,0.02,0.0,0
0.74,approach,-0.46,0.015,0.065,0.0,10.0,0.02,0.0,0
0.75,approach,-0.46,0.015,0.0648,0.0,10.0,0.02,0.0,0
0.76,approach,-0.46,0.015,0.0646,0.0,10.0,0.02,0.0,0
0.77,approach,-0.46,0.015,0.0644,0.0,10.0,0.02,0.0,0
0.78,approach,-0.46,0.015,0.0642,0.0,10.0,0.02,0.0,0
0.79,approach,-0.46,0.015,0.064,0.0,10.0,0.02,0.0,0
0.8,approach,-0.46,0.015,0.0638,0.0,10.0,0.02,0.0,0
0.81,approach,-0.46,0.015,0.0636,0.0,10.0,0.02,0.0,0
0.82,approach,-0.46,0.015,0.0634,0.0,10.0,0.02,0.0,0
0.83,approach,-0.46,0.015,0.0632,0.0,10.0,0.02,0.0,0
0.84,approach,-0.46,0.015,0.063,0.0,10.0,0.02,0.0,0
0.85,approach,-0.46,0.015,0.0628,0.0,10.0,0.02,0.0,0
0.86,approach,-0.46,0.015,0.0626,0.0,10.0,0.02,0.0,0
0.87,approach,-0.46,0.015,0.0624,0.0,10.0,0.02,0.0,0
0.88,approach,-0.46,0.015,0.0622,0.0,10.0,0.02,0.0,0
0.89,approach,-0.46,0.015,0.062,0.0,10.0,0.02,0.0,0
0.9,approach,-0.46,0.015,0.0618,0.0,10.0,0.02,0.0,0
0.91,approach,-0.46,0.015,0.0616,0.0,10.0,0.02,0.0,0
0.92,approach,-0.46,0.015,0.0614,0.0,10.0,0.02,0.0,0
0.93,approach,-0.46,0.015,0.0612,0.0,10.0,0.02,0.0,0
0.94,approach,-0.46,0.015,0.061,0.0,10.0,0.02,0.0,0
0.95,approach,-0.46,0.015,0.0608,0.0,10.0,0.02,0.0,0
0.96,approach,-0.46,0.015,0.0606,0.0,10.0,0.02,0.0,0
0.97,approach,-0.46,0.015,0.0604,0.0,10.0,0.02,0.0,0
0.98,approach,-0.46,0.015,0.0602,0.0,10.0,0.02,0.0,0
0.99,approach,-0.46,0.015,0.06,0.0,10.0,0.02,0.0,0
1.0,approach,-0.46,0.015,0.0598,0.0,10.0,0.02,0.0,0
1.01,approach,-0.46,0.015,0.0596,0.0,10.0,0.02,0.0,0
1.02,approach,-0.46,0.015,0.0594,0.0,10.0,0.02,0.0,0
1.03,approach,-0.46,0.015,0.0592,0.0,10.0,0.02,0.0,0
1.04,approach,-0.46,0.015,0.059,0.0,10.0,0.02,0.0,0
1.05,approach,-0.46,0.015,0.0588,0.0,10.0,0.02,0.0,0
1.06,approach,-0.46,0.015,0.0586,0.0,10.0,0.02,0.0,0
1.07,approach,-0.46,0.015,0.0584,0.0,10.0,0.02,0.0,0
1.08,approach,-0.46,0.015,0.0582,0.0,10.0,0.02,0.0,0
1.09,approach,-0.46,0.015,0.058,0.0,10.0,0.02,0.0,0
1.1,approach,-0.46,0.015,0.0578,0.0,10.0,0.02,0.0,0
1.11,approach,-0.46,0.015,0.0576,0.0,10.0,0.02,0.0,0
1.12,approach,-0.46,0.015,0.0574,0.0,10.0,0.02,0.0,0
1.13,approach,-0.46,0.015,0.0572,0.0,10.0,0.02,0.0,0
1.14,approach,-0.46,0.015,0.057,0.0,10.0,0.02,0.0,0
1.15,approach,-0.46,0.015,0.0568,0.0,10.0,0.02,0.0,0
1.16,approach,-0.46,0.015,0.0566,0.0,10.0,0.02,0.0,0
1.17,approach,-0.46,0.015,0.0564,0.0,10.0,0.02,0.0,0
1.18,approach,-0.46,0.015,0.0562,0.0,10.0,0.02,0.0,0
1.19,approach,-0.46,0.015,0.056,0.0,10.0,0.02,0.0,0
1.2,approach,-0.46,0.015,0.0558,0.0,10.0,0.02,0.0,0
1.21,approach,-0.46,0.015,0.0556,0.0,10.0,0.02,0.0,0
1.22,approach,-0.46,0.015,0.0554,0.0,10.0,0.02,0.0,0
1.23,approach,-0.46,0.015,0.0552,0.0,10.0,0.02,0.0,0
1.24,approach,-0.46,0.015,0.055,0.0,10.0,0.02,0.0,0
1.25,approach,-0.46,0.015,0.0548,0.0,10.0,0.02,0.0,0
1.26,approach,-0.46,0.015,0.0546,0.0,10.0,0.02,0.0,0
1.27,approach,-0.46,0.015,0.0544,0.0,10.0,0.02,0.0,0
1.28,approach,-0.46,0.015,0.0542,0.0,10.0,0.02,0.0,0
1.29,approach,-0.46,0.015,0.054,0.0,10.0,0.02,0.0,0
1.3,approach,-0.46,0.015,0.0538,0.0,10.0,0.02,0.0,0
1.31,approach,-0.46,0.015,0.0536,0.0,10.0,0.02,0.0,0
1.32,approach,-0.46,0.015,0.0534,0.0,10.0,0.02,0.0,0
1.33,approach,-0.46,0.015,0.0532,0.0,10.0,0.02,0.0,0
1.34,approach,-0.46,0.015,0.053,0.0,10.0,0.02,0.0,0
1.35,approach,-0.46,0.015,0.0528,0.0,10.0,0.02,0.0,0
1.36,approach,-0.46,0.015,0.0526,0.0,10.0,0.02,0.0,0
1.37,approach,-0.46,0.015,0.0524,0.0,10.0,0.02,0.0,0
1.38,approach,-0.46,0.015,0.0522,0.0,10.0,0.02,0.0,0
1.39,approach,-0.46,0.015,0.052,0.0,10.0,0.02,0.0,0
1.4,approach,-0.46,0.015,0.0518,0.0,10.0,0.02,0.0,0
1.41,approach,-0.46,0.015,0.0516,0.0,10.0,0.02,0.0,0
1.42,approach,-0.46,0.015,0.0514,0.0,10.0,0.02,0.0,0
1.43,approach,-0.46,0.015,0.0512,0.0,10.0,0.02,0.0,0
1.44,approach,-0.46,0.015,0.051,0.0,10.0,0.02,0.0,0
1.45,approach,-0.46,0.015,0.0508,0.0,10.0,0.02,0.0,0
1.46,approach,-0.46,0.015,0.0506,0.0,10.0,0.02,0.0,0
1.47,approach,-0.46,0.015,0.0504,0.0,10.0,0.02,0.0,0
1.48,approach,-0.46,0.015,0.0502,0.0,10.0,0.02,0.0,0
1.49,approach,-0.46,0.015,0.05,0.0,10.0,0.02,0.0,0
1.5,approach,-0.46,0.015,0.0498,0.015,10.0,0.02,0.0,0
1.51,approach,-0.46,0.015,0.0496,0.348,10.0,0.02,0.0,0
1.52,approach,-0.46,0.015,0.0494,0.838,10.0,0.02,0.0,0
1.53,approach,-0.46,0.015,0.0492,1.247,10.0,0.02,0.0,0
1.54,approach,-0.46,0.015,0.049,1.502,10.0,0.02,0.0,0
1.55,approach,-0.46,0.015,0.0488,1.935,10.0,0.02,0.0,0
1.56,force,-0.458,0.015,0.04861,2.406,10.0,0.0191,0.2,0
1.57,force,-0.456,0.015,0.04843,2.765,10.0,0.0182,0.2,0
1.58,force,-0.454,0.015,0.04825,3.145,10.0,0.0174,0.2,0
1.59,force,-0.452,0.015,0.04809,3.45,10.0,0.0167,0.2,0
1.6,force,-0.45,0.015,0.04793,3.87,10.0,0.0157,0.2,0
1.61,force,-0.448,0.015,0.04778,4.178,10.0,0.015,0.2,0
1.62,force,-0.446,0.015,0.04764,4.442,10.0,0.0144,0.2,0
1.63,force,-0.444,0.015,0.0475,4.782,10.0,0.0136,0.2,0
1.64,force,-0.442,0.015,0.04737,5.02,10.0,0.013,0.2,0
1.65,force,-0.44,0.015,0.04725,5.214,10.0,0.0126,0.2,0
1.66,force,-0.438,0.015,0.04713,5.527,10.0,0.0118,0.2,0
1.67,force,-0.436,0.015,0.04701,5.697,10.0,0.0115,0.2,0
1.68,force,-0.434,0.015,0.04691,6.018,10.0,0.0107,0.2,0
1.69,force,-0.432,0.015,0.0468,6.185,10.0,0.0103,0.2,0
1.7,force,-0.43,0.015,0.0467,6.385,10.0,0.0098,0.2,0
1.71,force,-0.428,0.015,0.04661,6.557,10.0,0.0095,0.2,0
1.72,force,-0.426,0.015,0.04652,6.841,10.0,0.0088,0.2,0
1.73,force,-0.424,0.015,0.04644,6.948,10.0,0.0085,0.2,0
1.74,force,-0.422,0.015,0.04636,7.105,10.0,0.0082,0.2,0
1.75,force,-0.42,0.015,0.04628,7.272,10.0,0.0078,0.2,0
1.76,force,-0.418,0.015,0.0462,7.472,10.0,0.0073,0.2,0
1.77,force,-0.416,0.015,0.04613,7.61,10.0,0.007,0.2,0
1.78,force,-0.414,0.015,0.04607,7.752,10.0,0.0067,0.2,0
1.79,force,-0.412,0.015,0.046,7.886,10.0,0.0063,0.2,0
1.8,force,-0.41,0.015,0.04595,8.098,10.0,0.0058,0.2,0
1.81,force,-0.408,0.015,0.04589,8.087,10.0,0.0059,0.2,0
1.82,force,-0.406,0.015,0.04583,8.2,10.0,0.0056,0.2,0
1.83,force,-0.404,0.015,0.04578,8.297,10.0,0.0054,0.2,0
1.84,force,-0.402,0.015,0.04573,8.476,10.0,0.005,0.2,0
1.85,force,-0.4,0.015,0.04568,8.601,10.0,0.0047,0.2,0
1.86,force,-0.398,0.015,0.04564,8.632,10.0,0.0046,0.2,0
1.87,force,-0.396,0.015,0.04559,8.687,10.0,0.0045,0.2,0
1.88,force,-0.394,0.015,0.04555,8.777,10.0,0.0043,0.2,0
1.89,force,-0.392,0.015,0.04551,8.936,10.0,0.0039,0.2,0
1.9,force,-0.39,0.015,0.04547,9.018,10.0,0.0037,0.2,0
1.91,force,-0.388,0.015,0.04544,9.081,10.0,0.0035,0.2,0
1.92,force,-0.386,0.015,0.0454,9.091,10.0,0.0035,0.2,0
1.93,force,-0.384,0.015,0.04537,9.206,10.0,0.0032,0.2,0
1.94,force,-0.382,0.015,0.04534,9.265,10.0,0.0031,0.2,0
1.95,force,-0.38,0.015,0.04531,9.332,10.0,0.0029,0.2,0
1.96,force,-0.378,0.015,0.04528,9.423,10.0,0.0027,0.2,0
1.97,force,-0.376,0.015,0.04526,9.445,10.0,0.0027,0.2,0
1.98,force,-0.374,0.015,0.04523,9.521,10.0,0.0025,0.2,0
1.99,force,-0.372,0.015,0.04521,9.54,10.0,0.0024,0.2,0
2.0,force,-0.37,0.015,0.04518,9.599,10.0,0.0023,0.2,0
2.01,force,-0.368,0.015,0.04516,9.662,10.0,0.0021,0.2,0
2.02,force,-0.366,0.015,0.04514,9.6,10.0,0.0023,0.2,0
2.03,force,-0.364,0.015,0.04512,9.703,10.0,0.002,0.2,0
2.04,force,-0.362,0.015,0.0451,9.736,10.0,0.002,0.2,0
2.05,force,-0.36,0.015,0.04508,9.767,10.0,0.0019,0.2,0
2.06,force,-0.358,0.015,0.04506,9.823,10.0,0.0017,0.2,0
2.07,force,-0.356,0.015,0.04505,9.946,10.0,0.0014,0.2,0
2.08,force,-0.354,0.015,0.04503,9.857,10.0,0.0017,0.2,0
2.09,force,-0.352,0.015,0.04502,9.981,10.0,0.0013,0.2,0
2.1,force,-0.35,0.015,0.045,9.876,10.0,0.0016,0.2,0
2.11,force,-0.348,0.015,0.04499,9.975,10.0,0.0014,0.2,0
2.12,force,-0.346,0.015,0.04498,10.028,10.0,0.0012,0.2,0
2.13,force,-0.344,0.015,0.04497,10.073,10.0,0.0011,0.2,0
2.14,force,-0.342,0.015,0.04496,10.102,10.0,0.001,0.2,0
2.15,force,-0.34,0.015,0.04495,10.127,10.0,0.001,0.2,0
2.16,force,-0.338,0.015,0.04494,10.09,10.0,0.0011,0.2,0
2.17,force,-0.336,0.015,0.04493,10.105,10.0,0.001,0.2,0
2.18,force,-0.334,0.015,0.04492,10.192,10.0,0.0008,0.2,0
2.19,force,-0.332,0.015,0.04491,10.156,10.0,0.0009,0.2,0
2.2,force,-0.33,0.015,0.0449,10.12,10.0,0.001,0.2,0
2.21,force,-0.328,0.015,0.04489,10.147,10.0,0.0009,0.2,0
2.22,force,-0.326,0.015,0.04488,10.176,10.0,0.0008,0.2,0
2.23,force,-0.324,0.015,0.04487,10.264,10.0,0.0006,0.2,0
2.24,force,-0.322,0.015,0.04487,10.259,10.0,0.0006,0.2,0
2.25,force,-0.32,0.015,0.04486,10.299,10.0,0.0005,0.2,0
2.26,force,-0.318,0.015,0.04486,10.253,10.0,0.0006,0.2,0
2.27,force,-0.316,0.015,0.04485,10.296,10.0,0.0005,0.2,0
2.28,force,-0.314,0.015,0.04485,10.33,10.0,0.0004,0.2,0
2.29,force,-0.312,0.015,0.04484,10.292,10.0,0.0005,0.2,0
2.3,force,-0.31,0.015,0.04484,10.341,10.0,0.0004,0.2,0
2.31,force,-0.308,0.015,0.04483,10.293,10.0,0.0005,0.2,0
2.32,force,-0.306,0.015,0.04483,10.319,10.0,0.0005,0.2,0
2.33,force,-0.304,0.015,0.04482,10.327,10.0,0.0004,0.2,0
2.34,force,-0.302,0.015,0.04482,10.295,10.0,0.0005,0.2,0
2.35,force,-0.3,0.015,0.04481,10.39,10.0,0.0003,0.2,0
2.36,force,-0.298,0.015,0.04481,10.347,10.0,0.0004,0.2,0
2.37,force,-0.296,0.015,0.04481,10.379,10.0,0.0003,0.2,0
2.38,force,-0.294,0.015,0.04481,10.408,10.0,0.0002,0.2,0
2.39,force,-0.292,0.015,0.0448,10.411,10.0,0.0002,0.2,0
2.4,force,-0.29,0.015,0.0448,10.426,10.0,0.0002,0.2,0
2.41,force,-0.288,0.015,0.0448,10.391,10.0,0.0002,0.2,0
2.42,force,-0.286,0.015,0.0448,10.38,10.0,0.0003,0.2,0
2.43,force,-0.284,0.015,0.04479,10.403,10.0,0.0002,0.2,0
2.44,force,-0.282,0.015,0.04479,10.326,10.0,0.0004,0.2,0
2.45,force,-0.28,0.015,0.04479,10.346,10.0,0.0003,0.2,0
2.46,force,-0.278,0.015,0.04478,10.36,10.0,0.0003,0.2,0
2.47,force,-0.276,0.015,0.04478,10.382,10.0,0.0002,0.2,0
2.48,force,-0.274,0.015,0.04478,10.457,10.0,0.0001,0.2,0
2.49,force,-0.272,0.015,0.04478,10.393,10.0,0.0002,0.2,0
2.5,force,-0.27,0.015,0.04478,10.423,10.0,0.0001,0.2,0
2.51,force,-0.268,0.015,0.04478,10.51,10.0,-0.0001,0.2,0
2.52,force,-0.266,0.015,0.04478,10.425,10.0,0.0001,0.2,0
2.53,force,-0.264,0.015,0.04478,10.482,10.0,-0.0,0.2,0
2.54,force,-0.262,0.015,0.04478,10.398,10.0,0.0002,0.2,0
2.55,force,-0.26,0.015,0.04478,10.438,10.0,0.0001,0.2,0
2.56,force,-0.258,0.015,0.04477,10.402,10.0,0.0002,0.2,0
2.57,force,-0.256,0.015,0.04477,10.436,10.0,0.0001,0.2,0
2.58,force,-0.254,0.015,0.04477,10.497,10.0,-0.0001,0.2,0
2.59,force,-0.252,0.015,0.04477,10.366,10.0,0.0002,0.2,0
2.6,force,-0.25,0.015,0.04477,10.479,10.0,-0.0001,0.2,0
2.61,force,-0.248,0.015,0.04477,10.468,10.0,-0.0,0.2,0
2.62,force,-0.246,0.015,0.04477,10.426,10.0,0.0001,0.2,0
2.63,force,-0.244,0.015,0.04477,10.385,10.0,0.0002,0.2,0
2.64,force,-0.242,0.015,0.04477,10.464,10.0,-0.0,0.2,0
2.65,force,-0.24,0.015,0.04477,10.434,10.0,0.0,0.2,0
2.66,force,-0.238,0.015,0.04477,10.473,10.0,-0.0001,0.2,0
2.67,force,-0.236,0.015,0.04477,10.461,10.0,-0.0,0.2,0
2.68,force,-0.234,0.015,0.04477,10.539,10.0,-0.0002,0.2,0
2.69,force,-0.232,0.015,0.04477,10.442,10.0,0.0,0.2,0
2.7,force,-0.23,0.015,0.04477,10.403,10.0,0.0001,0.2,0
2.71,force,-0.228,0.015,0.04477,10.465,10.0,-0.0001,0.2,0
2.72,force,-0.226,0.015,0.04477,10.466,10.0,-0.0001,0.2,0
2.73,force,-0.224,0.015,0.04478,10.521,10.0,-0.0002,0.2,0
2.74,force,-0.222,0.015,0.04478,10.491,10.0,-0.0001,0.2,0
2.75,force,-0.22,0.015,0.04478,10.464,10.0,-0.0001,0.2,0
2.76,force,-0.218,0.015,0.04478,10.518,10.0,-0.0002,0.2,0
2.77,force,-0.216,0.015,0.04478,10.381,10.0,0.0001,0.2,0
2.78,force,-0.214,0.015,0.04478,10.41,10.0,0.0,0.2,0
2.79,force,-0.212,0.015,0.04478,10.397,10.0,0.0001,0.2,0
2.8,force,-0.21,0.015,0.04478,10.425,10.0,-0.0,0.2,0
2.81,force,-0.208,0.015,0.04478,10.376,10.0,0.0001,0.2,0
2.82,force,-0.206,0.015,0.04478,10.479,10.0,-0.0001,0.2,0
2.83,force,-0.204,0.015,0.04478,10.433,10.0,-0.0,0.2,0
2.84,force,-0.202,0.015,0.04478,10.37,10.0,0.0001,0.2,0
2.85,force,-0.2,0.015,0.04478,10.395,10.0,0.0,0.2,0
2.86,force,-0.198,0.015,0.04478,10.462,10.0,-0.0001,0.2,0
2.87,force,-0.196,0.015,0.04478,10.486,10.0,-0.0002,0.2,0
2.88,force,-0.194,0.015,0.04478,10.54,10.0,-0.0003,0.2,0
2.89,force,-0.192,0.015,0.04479,10.579,10.0,-0.0004,0.2,0
2.9,force,-0.19,0.015,0.04479,10.446,10.0,-0.0001,0.2,0
2.91,force,-0.188,0.015,0.04479,10.373,10.0,0.0001,0.2,0
2.92,force,-0.186,0.015,0.04479,10.318,10.0,0.0002,0.2,0
2.93,force,-0.184,0.015,0.04479,10.442,10.0,-0.0001,0.2,0
2.94,force,-0.182,0.015,0.04479,10.386,10.0,0.0,0.2,0
2.95,force,-0.18,0.015,0.04479,10.406,10.0,-0.0,0.2,0
2.96,force,-0.178,0.015,0.04479,10.396,10.0,-0.0,0.2,0
2.97,force,-0.176,0.015,0.04479,10.419,10.0,-0.0001,0.2,0
2.98,force,-0.174,0.015,0.04479,10.479,10.0,-0.0002,0.2,0
2.99,force,-0.172,0.015,0.04479,10.429,10.0,-0.0001,0.2,0
3.0,force,-0.17,0.015,0.04479,10.411,10.0,-0.0001,0.2,0
3.01,force,-0.168,0.015,0.04479,10.366,10.0,0.0001,0.2,0
3.02,force,-0.166,0.015,0.04479,10.335,10.0,0.0001,0.2,0
3.03,force,-0.164,0.015,0.04479,10.397,10.0,-0.0,0.2,0
3.04,force,-0.162,0.015,0.04479,10.418,10.0,-0.0001,0.2,0
3.05,force,-0.16,0.015,0.04479,10.507,10.0,-0.0003,0.2,0
3.06,force,-0.158,0.015,0.04479,10.419,10.0,-0.0001,0.2,0
3.07,force,-0.156,0.015,0.0448,10.46,10.0,-0.0002,0.2,0
3.08,force,-0.154,0.015,0.0448,10.381,10.0,-0.0,0.2,0
3.09,force,-0.152,0.015,0.0448,10.347,10.0,0.0001,0.2,0
3.1,force,-0.15,0.015,0.0448,10.359,10.0,0.0,0.2,0
3.11,force,-0.148,0.015,0.0448,10.372,10.0,-0.0,0.2,0
3.12,force,-0.146,0.015,0.0448,10.514,10.0,-0.0004,0.2,0
3.13,force,-0.144,0.015,0.0448,10.36,10.0,0.0,0.2,0
3.14,force,-0.142,0.015,0.0448,10.443,10.0,-0.0002,0.2,0
3.15,force,-0.14,0.015,0.0448,10.352,10.0,0.0,0.2,0
3.16,force,-0.138,0.015,0.0448,10.444,10.0,-0.0002,0.2,0
3.17,force,-0.136,0.015,0.0448,10.413,10.0,-0.0001,0.2,0
3.18,force,-0.134,0.015,0.04481,10.383,10.0,-0.0001,0.2,0
3.19,force,-0.132,0.015,0.04481,10.388,10.0,-0.0001,0.2,0
3.2,force,-0.13,0.015,0.04481,10.356,10.0,0.0,0.2,0
3.21,force,-0.128,0.015,0.04481,10.411,10.0,-0.0001,0.2,0
3.22,force,-0.126,0.015,0.04481,10.363,10.0,-0.0,0.2,0
3.23,force,-0.124,0.015,0.04481,10.324,10.0,0.0001,0.2,0
3.24,force,-0.122,0.015,0.04481,10.323,10.0,0.0001,0.2,0
3.25,force,-0.12,0.015,0.04481,10.396,10.0,-0.0001,0.2,0
3.26,force,-0.118,0.015,0.04481,10.464,10.0,-0.0003,0.2,0
3.27,force,-0.116,0.015,0.04481,10.388,10.0,-0.0001,0.2,0
3.28,force,-0.114,0.015,0.04481,10.372,10.0,-0.0001,0.2,0
3.29,force,-0.112,0.015,0.04481,10.39,10.0,-0.0001,0.2,0
3.3,force,-0.11,0.015,0.04482,10.439,10.0,-0.0002,0.2,0
3.31,force,-0.108,0.015,0.04482,10.38,10.0,-0.0001,0.2,0
3.32,force,-0.106,0.015,0.04482,10.346,10.0,-0.0,0.2,0
3.33,force,-0.104,0.015,0.04482,10.422,10.0,-0.0002,0.2,0
3.34,force,-0.102,0.015,0.04482,10.383,10.0,-0.0001,0.2,0
3.35,force,-0.1,0.015,0.04482,10.436,10.0,-0.0003,0.2,0
3.36,force,-0.098,0.015,0.04482,10.364,10.0,-0.0001,0.2,0
3.37,force,-0.096,0.015,0.04482,10.292,10.0,0.0001,0.2,0
3.38,force,-0.094,0.015,0.04482,10.286,10.0,0.0001,0.2,0
3.39,force,-0.092,0.015,0.04482,10.439,10.0,-0.0003,0.2,0
3.4,force,-0.09,0.015,0.04483,10.437,10.0,-0.0003,0.2,0
3.41,force,-0.088,0.015,0.04483,10.337,10.0,-0.0,0.2,0
3.42,force,-0.086,0.015,0.04483,10.326,10.0,-0.0,0.2,0
3.43,force,-0.084,0.015,0.04483,10.418,10.0,-0.0002,0.2,0
3.44,force,-0.082,0.015,0.04483,10.285,10.0,0.0001,0.2,0
3.45,force,-0.08,0.015,0.04483,10.297,10.0,0.0001,0.2,0
3.46,force,-0.078,0.015,0.04483,10.375,10.0,-0.0001,0.2,0
3.47,force,-0.076,0.015,0.04483,10.32,10.0,-0.0,0.2,0
3.48,force,-0.074,0.015,0.04483,10.34,10.0,-0.0001,0.2,0
3.49,force,-0.072,0.015,0.04483,10.33,10.0,-0.0,0.2,0
3.5,force,-0.07,0.015,0.04483,10.355,10.0,-0.0001,0.2,0
3.51,force,-0.068,0.015,0.04483,10.406,10.0,-0.0002,0.2,0
3.52,force,-0.066,0.015,0.04484,10.335,10.0,-0.0001,0.2,0
3.53,force,-0.064,0.015,0.04484,10.362,10.0,-0.0001,0.2,0
3.54,force,-0.062,0.015,0.04483,10.224,10.0,0.0002,0.2,0
3.55,force,-0.06,0.015,0.04484,10.328,10.0,-0.0001,0.2,0
3.56,force,-0.058,0.015,0.04483,10.288,10.0,0.0,0.2,0
3.57,force,-0.056,0.015,0.04483,10.27,10.0,0.0001,0.2,0
3.58,force,-0.054,0.015,0.04483,10.288,10.0,0.0,0.2,0
3.59,force,-0.052,0.015,0.04483,10.316,10.0,-0.0,0.2,0
3.6,force,-0.05,0.015,0.04484,10.378,10.0,-0.0002,0.2,0
3.61,force,-0.048,0.015,0.04483,10.262,10.0,0.0001,0.2,0
3.62,force,-0.046,0.015,0.04484,10.332,10.0,-0.0001,0.2,0
3.63,force,-0.044,0.015,0.04484,10.304,10.0,-0.0,0.2,0
3.64,force,-0.042,0.015,0.04484,10.311,10.0,-0.0,0.2,0
3.65,force,-0.04,0.015,0.04484,10.377,10.0,-0.0002,0.2,0
3.66,force,-0.038,0.015,0.04484,10.35,10.0,-0.0001,0.2,0
3.67,force,-0.036,0.015,0.04484,10.387,10.0,-0.0002,0.2,0
3.68,force,-0.034,0.015,0.04484,10.307,10.0,-0.0,0.2,0
3.69,force,-0.032,0.015,0.04484,10.279,10.0,0.0,0.2,0
3.7,force,-0.03,0.015,0.04484,10.303,10.0,-0.0,0.2,0
3.71,force,-0.028,0.015,0.04484,10.326,10.0,-0.0001,0.2,0
3.72,force,-0.026,0.015,0.04485,10.32,10.0,-0.0001,0.2,0
3.73,force,-0.024,0.015,0.04484,10.256,10.0,0.0001,0.2,0
3.74,force,-0.022,0.015,0.04485,10.316,10.0,-0.0001,0.2,0
3.75,force,-0.02,0.015,0.04485,10.321,10.0,-0.0001,0.2,0
3.76,force,-0.018,0.015,0.04485,10.433,10.0,-0.0004,0.2,0
3.77,force,-0.016,0.015,0.04485,10.393,10.0,-0.0003,0.2,0
3.78,force,-0.014,0.015,0.04485,10.251,10.0,0.0001,0.2,0
3.79,force,-0.012,0.015,0.04485,10.281,10.0,-0.0,0.2,0
3.8,force,-0.01,0.015,0.04485,10.222,10.0,0.0001,0.2,0
3.81,force,-0.008,0.015,0.04485,10.268,10.0,0.0,0.2,0
3.82,force,-0.006,0.015,0.04485,10.313,10.0,-0.0001,0.2,0
3.83,force,-0.004,0.015,0.04485,10.356,10.0,-0.0002,0.2,0
3.84,force,-0.002,0.015,0.04485,10.255,10.0,0.0,0.2,0
3.85,force,0.0,0.015,0.04485,10.259,10.0,0.0,0.2,0
3.86,force,0.002,0.015,0.04485,10.185,10.0,0.0002,0.2,0
3.87,force,0.004,0.015,0.04485,10.288,10.0,-0.0001,0.2,0
3.88,force,0.006,0.015,0.04485,10.242,10.0,0.0001,0.2,0
3.89,force,0.008,0.015,0.04485,10.27,10.0,-0.0,0.2,0
3.9,force,0.01,0.015,0.04485,10.252,10.0,0.0,0.2,0
3.91,force,0.012,0.015,0.04485,10.292,10.0,-0.0001,0.2,0
3.92,force,0.014,0.015,0.04485,10.207,10.0,0.0001,0.2,0
3.93,force,0.016,0.015,0.04485,10.225,10.0,0.0001,0.2,0
3.94,force,0.018,0.015,0.04485,10.406,10.0,-0.0004,0.2,0
3.95,force,0.02,0.015,0.04485,10.228,10.0,0.0001,0.2,0
3.96,force,0.022,0.015,0.04485,10.239,10.0,0.0,0.2,0
3.97,force,0.024,0.015,0.04486,10.387,10.0,-0.0003,0.2,0
3.98,force,0.026,0.015,0.04486,10.433,10.0,-0.0004,0.2,0
3.99,force,0.028,0.015,0.04486,10.221,10.0,0.0001,0.2,0
4.0,force,0.03,0.015,0.04486,10.262,10.0,-0.0,0.2,0
4.01,force,0.032,0.015,0.04486,10.297,10.0,-0.0001,0.2,0
4.02,force,0.034,0.015,0.04486,10.364,10.0,-0.0003,0.2,0
4.03,force,0.036,0.015,0.04486,10.223,10.0,0.0001,0.2,0
4.04,force,0.038,0.015,0.04486,10.261,10.0,-0.0,0.2,0
4.05,force,0.04,0.015,0.04487,10.311,10.0,-0.0002,0.2,0
4.06,force,0.042,0.015,0.04487,10.291,10.0,-0.0001,0.2,0
4.07,force,0.044,0.015,0.04487,10.248,10.0,-0.0,0.2,0
4.08,force,0.046,0.015,0.04487,10.26,10.0,-0.0,0.2,0
4.09,force,0.048,0.015,0.04487,10.197,10.0,0.0001,0.2,0
4.1,force,0.05,0.015,0.04487,10.256,10.0,-0.0,0.2,0
4.11,force,0.052,0.015,0.04487,10.254,10.0,-0.0,0.2,0
4.12,force,0.054,0.015,0.04487,10.278,10.0,-0.0001,0.2,0
4.13,force,0.056,0.015,0.04487,10.237,10.0,0.0,0.2,0
4.14,force,0.058,0.015,0.04487,10.288,10.0,-0.0001,0.2,0
4.15,force,0.06,0.015,0.04487,10.313,10.0,-0.0002,0.2,0
4.16,force,0.062,0.015,0.04487,10.266,10.0,-0.0001,0.2,0
4.17,force,0.064,0.015,0.04487,10.274,10.0,-0.0001,0.2,0
4.18,force,0.066,0.015,0.04487,10.257,10.0,-0.0001,0.2,0
4.19,force,0.068,0.015,0.04487,10.253,10.0,-0.0001,0.2,0
4.2,force,0.07,0.015,0.04487,10.216,10.0,0.0,0.2,0
4.21,force,0.072,0.015,0.04487,10.269,10.0,-0.0001,0.2,0
4.22,force,0.074,0.015,0.04488,10.246,10.0,-0.0,0.2,0
4.23,force,0.076,0.015,0.04488,10.355,10.0,-0.0003,0.2,0
4.24,force,0.078,0.015,0.04488,10.322,10.0,-0.0002,0.2,0
4.25,force,0.08,0.015,0.04488,10.258,10.0,-0.0001,0.2,0
4.26,force,0.082,0.015,0.04488,10.199,10.0,0.0001,0.2,0
4.27,force,0.084,0.015,0.04488,10.183,10.0,0.0001,0.2,0
4.28,force,0.086,0.015,0.04488,10.3,10.0,-0.0002,0.2,0
4.29,force,0.088,0.015,0.04488,10.25,10.0,-0.0001,0.2,0
4.3,force,0.09,0.015,0.04488,10.259,10.0,-0.0001,0.2,0
4.31,force,0.092,0.015,0.04488,10.146,10.0,0.0002,0.2,0
4.32,force,0.094,0.015,0.04488,10.283,10.0,-0.0002,0.2,0
4.33,force,0.096,0.015,0.04488,10.256,10.0,-0.0001,0.2,0
4.34,force,0.098,0.015,0.04488,10.176,10.0,0.0001,0.2,0
4.35,force,0.1,0.015,0.04488,10.21,10.0,0.0,0.2,0
4.36,force,0.102,0.015,0.04488,10.247,10.0,-0.0001,0.2,0
4.37,force,0.104,0.015,0.04488,10.235,10.0,-0.0001,0.2,0
4.38,force,0.106,0.015,0.04488,10.216,10.0,-0.0,0.2,0
4.39,force,0.108,0.015,0.04488,10.226,10.0,-0.0,0.2,0
4.4,force,0.11,0.015,0.04489,10.217,10.0,-0.0,0.2,0
4.41,force,0.112,0.015,0.04489,10.237,10.0,-0.0001,0.2,0
4.42,force,0.114,0.015,0.04489,10.302,10.0,-0.0002,0.2,0
4.43,force,0.116,0.015,0.04489,10.095,10.0,0.0003,0.2,0
4.44,force,0.118,0.015,0.04489,10.217,10.0,-0.0,0.2,0
4.45,force,0.12,0.015,0.04489,10.238,10.0,-0.0001,0.2,0
4.46,force,0.122,0.015,0.04489,10.242,10.0,-0.0001,0.2,0
4.47,force,0.124,0.015,0.04489,10.207,10.0,-0.0,0.2,0
4.48,force,0.126,0.015,0.04489,10.137,10.0,0.0002,0.2,0
4.49,force,0.128,0.015,0.04489,10.245,10.0,-0.0001,0.2,0
4.5,force,0.13,0.015,0.04489,10.313,10.0,-0.0003,0.2,0
4.51,force,0.132,0.015,0.04489,10.144,10.0,0.0001,0.2,0
4.52,force,0.134,0.015,0.04489,10.267,10.0,-0.0002,0.2,0
4.53,force,0.136,0.015,0.04489,10.204,10.0,-0.0,0.2,0
4.54,force,0.138,0.015,0.04489,10.217,10.0,-0.0,0.2,0
4.55,force,0.14,0.015,0.04489,10.167,10.0,0.0001,0.2,0
4.56,force,0.142,0.015,0.04489,10.204,10.0,-0.0,0.2,0
4.57,force,0.144,0.015,0.04489,10.286,10.0,-0.0002,0.2,0
4.58,force,0.146,0.015,0.04489,10.245,10.0,-0.0001,0.2,0
4.59,force,0.148,0.015,0.0449,10.3,10.0,-0.0003,0.2,0
4.6,force,0.15,0.015,0.0449,10.267,10.0,-0.0002,0.2,0
4.61,force,0.152,0.015,0.0449,10.226,10.0,-0.0001,0.2,0
4.62,force,0.154,0.015,0.0449,10.29,10.0,-0.0002,0.2,0
4.63,force,0.156,0.015,0.0449,10.22,10.0,-0.0001,0.2,0
4.64,force,0.158,0.015,0.0449,10.238,10.0,-0.0001,0.2,0
4.65,force,0.16,0.015,0.0449,10.179,10.0,0.0,0.2,0
4.66,force,0.162,0.015,0.0449,10.198,10.0,-0.0,0.2,0
4.67,force,0.164,0.015,0.0449,10.159,10.0,0.0001,0.2,0
4.68,force,0.166,0.015,0.0449,10.245,10.0,-0.0001,0.2,0
4.69,force,0.168,0.015,0.0449,10.133,10.0,0.0001,0.2,0
4.7,force,0.17,0.015,0.0449,10.234,10.0,-0.0001,0.2,0
4.71,force,0.172,0.015,0.0449,10.183,10.0,0.0,0.2,0
4.72,force,0.174,0.015,0.04491,10.251,10.0,-0.0002,0.2,0
4.73,force,0.176,0.015,0.04491,10.226,10.0,-0.0001,0.2,0
4.74,force,0.178,0.015,0.04491,10.278,10.0,-0.0002,0.2,0
4.75,force,0.18,0.015,0.04491,10.218,10.0,-0.0001,0.2,0
4.76,force,0.182,0.015,0.04491,10.101,10.0,0.0002,0.2,0
4.77,force,0.184,0.015,0.04491,10.18,10.0,-0.0,0.2,0
4.78,force,0.186,0.015,0.04491,10.125,10.0,0.0001,0.2,0
4.79,force,0.188,0.015,0.04491,10.16,10.0,0.0,0.2,0
4.8,force,0.19,0.015,0.04491,10.263,10.0,-0.0002,0.2,0
4.81,force,0.192,0.015,0.04491,10.215,10.0,-0.0001,0.2,0
4.82,force,0.194,0.015,0.04491,10.146,10.0,0.0001,0.2,0
4.83,force,0.196,0.015,0.04491,10.132,10.0,0.0001,0.2,0
4.84,force,0.198,0.015,0.04491,10.186,10.0,-0.0,0.2,0
4.85,force,0.2,0.015,0.04491,10.123,10.0,0.0001,0.2,0
4.86,force,0.202,0.015,0.04491,10.153,10.0,0.0,0.2,0
4.87,force,0.204,0.015,0.04491,10.203,10.0,-0.0001,0.2,0
4.88,force,0.206,0.015,0.04491,10.243,10.0,-0.0002,0.2,0
4.89,force,0.208,0.015,0.04491,10.212,10.0,-0.0001,0.2,0
4.9,force,0.21,0.015,0.04491,10.065,10.0,0.0003,0.2,0
4.91,force,0.212,0.015,0.04491,10.2,10.0,-0.0001,0.2,0
4.92,force,0.214,0.015,0.04491,10.187,10.0,-0.0,0.2,0
4.93,force,0.216,0.015,0.04491,10.203,10.0,-0.0001,0.2,0
4.94,force,0.218,0.015,0.04491,10.262,10.0,-0.0002,0.2,0
4.95,force,0.22,0.015,0.04491,10.073,10.0,0.0002,0.2,0
4.96,force,0.222,0.015,0.04491,10.151,10.0,0.0,0.2,0
4.97,force,0.224,0.015,0.04491,10.211,10.0,-0.0001,0.2,0
4.98,force,0.226,0.015,0.04491,10.1,10.0,0.0002,0.2,0
4.99,force,0.228,0.015,0.04491,10.256,10.0,-0.0002,0.2,0
5.0,force,0.23,0.015,0.04491,10.196,10.0,-0.0001,0.2,0
5.01,force,0.232,0.015,0.04491,10.218,10.0,-0.0001,0.2,0
5.02,force,0.234,0.015,0.04491,10.144,10.0,0.0,0.2,0
5.03,force,0.236,0.015,0.04491,10.214,10.0,-0.0001,0.2,0
5.04,force,0.238,0.015,0.04492,10.224,10.0,-0.0002,0.2,0
5.05,force,0.24,0.015,0.04492,10.179,10.0,-0.0001,0.2,0
5.06,force,0.242,0.015,0.04492,10.178,10.0,-0.0001,0.2,0
5.07,force,0.244,0.015,0.04492,10.179,10.0,-0.0001,0.2,0
5.08,force,0.246,0.015,0.04492,10.121,10.0,0.0001,0.2,0
5.09,force,0.248,0.015,0.04492,10.159,10.0,-0.0,0.2,0
5.1,force,0.25,0.015,0.04492,10.158,10.0,-0.0,0.2,0
5.11,force,0.252,0.015,0.04492,10.185,10.0,-0.0001,0.2,0
5.12,force,0.254,0.015,0.04492,10.214,10.0,-0.0002,0.2,0
5.13,force,0.256,0.015,0.04492,10.108,10.0,0.0001,0.2,0
5.14,force,0.258,0.015,0.04492,10.157,10.0,-0.0,0.2,0
5.15,force,0.26,0.015,0.04492,10.237,10.0,-0.0002,0.2,0
5.16,force,0.262,0.015,0.04492,10.122,10.0,0.0001,0.2,0
5.17,force,0.264,0.015,0.04492,10.119,10.0,0.0001,0.2,0
5.18,force,0.266,0.015,0.04492,10.172,10.0,-0.0001,0.2,0
5.19,force,0.268,0.015,0.04492,10.203,10.0,-0.0001,0.2,0
5.2,force,0.27,0.015,0.04492,10.159,10.0,-0.0,0.2,0
5.21,force,0.272,0.015,0.04492,10.224,10.0,-0.0002,0.2,0
5.22,force,0.274,0.015,0.04492,10.197,10.0,-0.0001,0.2,0
5.23,force,0.276,0.015,0.04493,10.193,10.0,-0.0001,0.2,0
5.24,force,0.278,0.015,0.04493,10.177,10.0,-0.0001,0.2,0
5.25,force,0.28,0.015,0.04493,10.264,10.0,-0.0003,0.2,0
5.26,force,0.282,0.015,0.04493,10.131,10.0,0.0,0.2,0
5.27,force,0.284,0.015,0.04493,10.042,10.0,0.0003,0.2,0
5.28,force,0.286,0.015,0.04493,10.227,10.0,-0.0002,0.2,0
5.29,force,0.288,0.015,0.04493,10.12,10.0,0.0001,0.2,0
5.3,force,0.29,0.015,0.04493,10.149,10.0,-0.0,0.2,0
5.31,force,0.292,0.015,0.04493,10.209,10.0,-0.0002,0.2,0
5.32,force,0.294,0.015,0.04493,10.06,10.0,0.0002,0.2,0
5.33,force,0.296,0.015,0.04493,10.082,10.0,0.0001,0.2,0
5.34,force,0.298,0.015,0.04492,10.067,10.0,0.0002,0.2,0
5.35,force,0.3,0.015,0.04492,10.111,10.0,0.0001,0.2,0
5.36,force,0.302,0.015,0.04492,10.174,10.0,-0.0001,0.2,0
5.37,force,0.304,0.015,0.04493,10.177,10.0,-0.0001,0.2,0
5.38,force,0.306,0.015,0.04493,10.162,10.0,-0.0001,0.2,0
5.39,force,0.308,0.015,0.04492,10.076,10.0,0.0002,0.2,0
5.4,force,0.31,0.015,0.04492,10.035,10.0,0.0003,0.2,0
5.41,force,0.312,0.015,0.04492,10.158,10.0,-0.0001,0.2,0
5.42,force,0.314,0.015,0.04492,10.131,10.0,0.0,0.2,0
5.43,force,0.316,0.015,0.04492,10.177,10.0,-0.0001,0.2,0
5.44,force,0.318,0.015,0.04493,10.187,10.0,-0.0001,0.2,0
5.45,force,0.32,0.015,0.04493,10.157,10.0,-0.0001,0.2,0
5.46,force,0.322,0.015,0.04493,10.186,10.0,-0.0001,0.2,0
5.47,force,0.324,0.015,0.04493,10.157,10.0,-0.0001,0.2,0
5.48,force,0.326,0.015,0.04493,10.171,10.0,-0.0001,0.2,0
5.49,force,0.328,0.015,0.04493,10.107,10.0,0.0001,0.2,0
5.5,force,0.33,0.015,0.04493,10.135,10.0,-0.0,0.2,0
5.51,force,0.332,0.015,0.04493,10.153,10.0,-0.0001,0.2,0
5.52,force,0.334,0.015,0.04493,10.183,10.0,-0.0001,0.2,0
5.53,force,0.336,0.015,0.04493,10.12,10.0,0.0,0.2,0
5.54,force,0.338,0.015,0.04493,10.166,10.0,-0.0001,0.2,0
5.55,force,0.34,0.015,0.04493,10.125,10.0,0.0,0.2,0
5.56,force,0.342,0.015,0.04493,10.132,10.0,-0.0,0.2,0
5.57,force,0.344,0.015,0.04493,10.179,10.0,-0.0001,0.2,0
5.58,force,0.346,0.015,0.04493,10.036,10.0,0.0002,0.2,0
5.59,force,0.348,0.015,0.04493,10.075,10.0,0.0001,0.2,0
5.6,force,0.35,0.015,0.04493,10.068,10.0,0.0001,0.2,0
5.61,force,0.352,0.015,0.04492,10.029,10.0,0.0002,0.2,0
5.62,force,0.354,0.015,0.04492,10.116,10.0,0.0,0.2,0
5.63,force,0.356,0.015,0.04493,10.188,10.0,-0.0002,0.2,0
5.64,force,0.358,0.015,0.04493,10.133,10.0,-0.0,0.2,0
5.65,force,0.36,0.015,0.04493,10.157,10.0,-0.0001,0.2,0
5.66,force,0.362,0.015,0.04493,10.2,10.0,-0.0002,0.2,0
5.67,force,0.364,0.015,0.04493,10.208,10.0,-0.0002,0.2,0
5.68,force,0.366,0.015,0.04493,10.134,10.0,-0.0,0.2,0
5.69,force,0.368,0.015,0.04493,10.204,10.0,-0.0002,0.2,0
5.7,force,0.37,0.015,0.04493,10.137,10.0,-0.0,0.2,0
5.71,force,0.372,0.015,0.04493,10.089,10.0,0.0001,0.2,0
5.72,force,0.374,0.015,0.04493,10.103,10.0,0.0,0.2,0
5.73,force,0.376,0.015,0.04493,10.06,10.0,0.0001,0.2,0
5.74,force,0.378,0.015,0.04493,10.092,10.0,0.0001,0.2,0
5.75,force,0.38,0.015,0.04493,10.12,10.0,-0.0,0.2,0
5.76,force,0.382,0.015,0.04493,10.178,10.0,-0.0002,0.2,0
5.77,force,0.384,0.015,0.04494,10.221,10.0,-0.0003,0.2,0
5.78,force,0.386,0.015,0.04493,10.06,10.0,0.0001,0.2,0
5.79,force,0.388,0.015,0.04493,10.152,10.0,-0.0001,0.2,0
5.8,force,0.39,0.015,0.04493,10.078,10.0,0.0001,0.2,0
5.81,force,0.392,0.015,0.04493,10.156,10.0,-0.0001,0.2,0
5.82,force,0.394,0.015,0.04494,10.124,10.0,-0.0,0.2,0
5.83,force,0.396,0.015,0.04493,10.038,10.0,0.0002,0.2,0
5.84,force,0.398,0.015,0.04493,10.18,10.0,-0.0002,0.2,0
5.85,force,0.4,0.015,0.04493,10.1,10.0,0.0,0.2,0
5.86,force,0.402,0.015,0.04493,10.104,10.0,0.0,0.2,0
5.87,force,0.404,0.015,0.04493,10.078,10.0,0.0001,0.2,0
5.88,force,0.406,0.015,0.04493,10.1,10.0,0.0,0.2,0
5.89,force,0.408,0.015,0.04493,10.155,10.0,-0.0001,0.2,0
5.9,force,0.41,0.015,0.04493,10.122,10.0,-0.0,0.2,0
5.91,force,0.412,0.015,0.04494,10.147,10.0,-0.0001,0.2,0
5.92,force,0.414,0.015,0.04494,10.147,10.0,-0.0001,0.2,0
5.93,force,0.416,0.015,0.04494,10.193,10.0,-0.0002,0.2,0
5.94,force,0.418,0.015,0.04494,10.105,10.0,0.0,0.2,0
5.95,force,0.42,0.015,0.04494,10.049,10.0,0.0001,0.2,0
5.96,force,0.422,0.015,0.04494,10.179,10.0,-0.0002,0.2,0
5.97,force,0.424,0.015,0.04494,10.106,10.0,0.0,0.2,0
5.98,force,0.426,0.015,0.04494,10.178,10.0,-0.0002,0.2,0
5.99,force,0.428,0.015,0.04494,10.138,10.0,-0.0001,0.2,0
6.0,force,0.43,0.015,0.04494,10.11,10.0,-0.0,0.2,0
6.01,force,0.432,0.015,0.04494,10.134,10.0,-0.0001,0.2,0
6.02,force,0.434,0.015,0.04495,10.213,10.0,-0.0003,0.2,0
6.03,force,0.436,0.015,0.04495,10.214,10.0,-0.0003,0.2,0
6.04,force,0.438,0.015,0.04495,10.108,10.0,-0.0,0.2,0
6.05,force,0.44,0.015,0.04495,10.112,10.0,-0.0,0.2,0
6.06,force,0.442,0.015,0.04495,10.157,10.0,-0.0001,0.2,0
6.07,force,0.444,0.015,0.04495,10.058,10.0,0.0001,0.2,0
6.08,force,0.446,0.015,0.04495,10.119,10.0,-0.0,0.2,0
6.09,force,0.448,0.015,0.04495,10.1,10.0,-0.0,0.2,0
6.1,force,0.45,0.015,0.04495,10.117,10.0,-0.0,0.2,0
6.11,force,0.452,0.015,0.04495,10.059,10.0,0.0001,0.2,0
6.12,force,0.454,0.015,0.04495,10.023,10.0,0.0002,0.2,0
6.13,force,0.456,0.015,0.04494,10.003,10.0,0.0002,0.2,0
6.14,force,0.458,0.015,0.04494,10.056,10.0,0.0001,0.2,0
6.15,force,0.46,0.015,0.04494,10.091,10.0,0.0,0.2,0
6.16,force,0.462,0.015,0.04494,10.099,10.0,-0.0,0.2,0
6.17,force,0.464,0.015,0.04495,10.211,10.0,-0.0003,0.2,0
6.18,force,0.466,0.015,0.04495,10.164,10.0,-0.0002,0.2,0
6.19,force,0.468,0.015,0.04495,10.057,10.0,0.0001,0.2,0
6.2,force,0.47,0.015,0.04495,10.124,10.0,-0.0001,0.2,0
6.21,force,0.472,0.015,0.04495,10.085,10.0,0.0,0.2,0
6.22,force,0.474,0.015,0.04495,10.092,10.0,0.0,0.2,0
6.23,force,0.476,0.015,0.04495,10.115,10.0,-0.0001,0.2,0
6.24,force,0.478,0.015,0.04495,10.136,10.0,-0.0001,0.2,0
6.25,force,0.48,0.015,0.04495,10.086,10.0,0.0,0.2,0
6.26,force,0.482,0.015,0.04495,10.157,10.0,-0.0002,0.2,0
6.27,force,0.484,0.015,0.04495,10.043,10.0,0.0001,0.2,0
6.28,force,0.486,0.015,0.04495,10.103,10.0,-0.0,0.2,0
6.29,force,0.488,0.015,0.04495,10.232,10.0,-0.0004,0.2,0
6.3,force,0.49,0.015,0.04495,10.106,10.0,-0.0,0.2,0
6.31,force,0.492,0.015,0.04495,10.166,10.0,-0.0002,0.2,0
6.32,force,0.494,0.015,0.04495,10.095,10.0,-0.0,0.2,0
6.33,force,0.496,0.015,0.04496,10.12,10.0,-0.0001,0.2,0
6.34,force,0.498,0.015,0.04496,10.086,10.0,0.0,0.2,0
6.35,force,0.5,0.015,0.04496,10.081,10.0,0.0,0.2,0
6.36,force,0.49954,0.01695,0.04495,10.051,10.0,0.0001,0.2,0
6.37,force,0.49908,0.01889,0.04495,10.113,10.0,-0.0001,0.2,0
6.38,force,0.49863,0.02084,0.04495,10.048,10.0,0.0001,0.2,0
6.39,force,0.49817,0.02279,0.04495,10.126,10.0,-0.0001,0.2,0
6.4,force,0.49771,0.02473,0.04496,10.145,10.0,-0.0001,0.2,0
6.41,force,0.49725,0.02668,0.04496,10.106,10.0,-0.0,0.2,0
6.42,force,0.49679,0.02863,0.04496,10.072,10.0,0.0,0.2,0
6.43,force,0.49634,0.03057,0.04496,10.11,10.0,-0.0001,0.2,0
6.44,force,0.49588,0.03252,0.04496,10.071,10.0,0.0,0.2,0
6.45,force,0.49542,0.03447,0.04496,10.134,10.0,-0.0001,0.2,0
6.46,force,0.49496,0.03642,0.04496,9.993,10.0,0.0002,0.2,0
6.47,force,0.4945,0.03836,0.04496,10.072,10.0,0.0,0.2,0
6.48,force,0.49404,0.04031,0.04495,9.99,10.0,0.0002,0.2,0
6.49,force,0.49359,0.04226,0.04495,10.02,10.0,0.0002,0.2,0
6.5,force,0.49313,0.0442,0.04495,10.166,10.0,-0.0002,0.2,0
6.51,force,0.49267,0.04615,0.04495,10.138,10.0,-0.0001,0.2,0
6.52,force,0.49221,0.0481,0.04495,10.055,10.0,0.0001,0.2,0
6.53,force,0.49175,0.05004,0.04495,10.017,10.0,0.0002,0.2,0
6.54,force,0.4913,0.05199,0.04495,9.947,10.0,0.0003,0.2,0
6.55,force,0.49084,0.05394,0.04495,10.075,10.0,0.0,0.2,0
6.56,force,0.49038,0.05588,0.04495,10.224,10.0,-0.0004,0.2,0
6.57,force,0.48992,0.05783,0.04495,10.118,10.0,-0.0001,0.2,0
6.58,force,0.48946,0.05978,0.04495,10.066,10.0,0.0,0.2,0
6.59,force,0.48901,0.06172,0.04495,10.118,10.0,-0.0001,0.2,0
6.6,force,0.48855,0.06367,0.04495,10.015,10.0,0.0002,0.2,0
6.61,force,0.48809,0.06562,0.04495,10.081,10.0,-0.0,0.2,0
6.62,force,0.48763,0.06756,0.04495,10.101,10.0,-0.0001,0.2,0
6.63,force,0.48717,0.06951,0.04495,10.091,10.0,-0.0,0.2,0
6.64,force,0.48672,0.07146,0.04495,10.134,10.0,-0.0001,0.2,0
6.65,force,0.48626,0.07341,0.04495,10.109,10.0,-0.0001,0.2,0
6.66,force,0.4858,0.07535,0.04496,10.124,10.0,-0.0001,0.2,0
6.67,force,0.48534,0.0773,0.04496,10.054,10.0,0.0001,0.2,0
6.68,force,0.48488,0.07925,0.04496,10.134,10.0,-0.0001,0.2,0
6.69,force,0.48443,0.08119,0.04496,10.168,10.0,-0.0002,0.2,0
6.7,force,0.48397,0.08314,0.04496,10.034,10.0,0.0001,0.2,0
6.71,force,0.48351,0.08509,0.04496,10.04,10.0,0.0001,0.2,0
6.72,force,0.48305,0.08703,0.04496,10.153,10.0,-0.0002,0.2,0
6.73,force,0.48259,0.08898,0.04496,10.073,10.0,0.0,0.2,0
6.74,force,0.48213,0.09093,0.04496,10.153,10.0,-0.0002,0.2,0
6.75,force,0.48168,0.09287,0.04496,10.056,10.0,0.0,0.2,0
6.76,force,0.48122,0.09482,0.04496,10.152,10.0,-0.0002,0.2,0
6.77,force,0.48076,0.09677,0.04496,10.082,10.0,-0.0,0.2,0
6.78,force,0.4803,0.09871,0.04496,10.088,10.0,-0.0,0.2,0
6.79,force,0.47984,0.10066,0.04496,10.153,10.0,-0.0002,0.2,0
6.8,force,0.47784,0.10066,0.04496,10.052,10.0,0.0001,0.2,0
6.81,force,0.47584,0.10066,0.04496,10.025,10.0,0.0001,0.2,0
6.82,force,0.47384,0.10066,0.04496,10.052,10.0,0.0001,0.2,0
6.83,force,0.47184,0.10066,0.04496,10.098,10.0,-0.0001,0.2,0
6.84,force,0.46984,0.10066,0.04496,9.996,10.0,0.0002,0.2,0
6.85,force,0.46784,0.10066,0.04496,10.11,10.0,-0.0001,0.2,0
6.86,force,0.46584,0.10066,0.04496,10.049,10.0,0.0001,0.2,0
6.87,force,0.46384,0.10066,0.04496,10.134,10.0,-0.0002,0.2,0
6.88,force,0.46184,0.10066,0.04496,9.954,10.0,0.0003,0.2,0
6.89,force,0.45984,0.10066,0.04496,10.04,10.0,0.0001,0.2,0
6.9,force,0.45784,0.10066,0.04496,9.997,10.0,0.0002,0.2,0
6.91,force,0.45584,0.10066,0.04496,10.044,10.0,0.0001,0.2,0
6.92,force,0.45384,0.10066,0.04496,10.099,10.0,-0.0001,0.2,0
6.93,force,0.45184,0.10066,0.04496,10.076,10.0,-0.0,0.2,0
6.94,force,0.44984,0.10066,0.04496,10.072,10.0,-0.0,0.2,0
6.95,force,0.44784,0.10066,0.04496,10.077,10.0,-0.0,0.2,0
6.96,force,0.44584,0.10066,0.04496,10.094,10.0,-0.0001,0.2,0
6.97,force,0.44384,0.10066,0.04496,10.032,10.0,0.0001,0.2,0
6.98,force,0.44184,0.10066,0.04496,10.12,10.0,-0.0001,0.2,0
6.99,force,0.43984,0.10066,0.04496,10.115,10.0,-0.0001,0.2,0
7.0,force,0.43784,0.10066,0.04496,10.099,10.0,-0.0001,0.2,0
7.01,force,0.43584,0.10066,0.04496,10.106,10.0,-0.0001,0.2,0
7.02,force,0.43384,0.10066,0.04496,10.091,10.0,-0.0001,0.2,0
7.03,force,0.43184,0.10066,0.04497,10.177,10.0,-0.0003,0.2,0
7.04,force,0.42984,0.10066,0.04497,10.065,10.0,0.0,0.2,0
7.05,force,0.42784,0.10066,0.04496,10.054,10.0,0.0,0.2,0
7.06,force,0.42584,0.10066,0.04496,10.033,10.0,0.0001,0.2,0
7.07,force,0.42384,0.10066,0.04496,10.02,10.0,0.0001,0.2,0
7.08,force,0.42184,0.10066,0.04496,10.012,10.0,0.0001,0.2,0
7.09,force,0.41984,0.10066,0.04496,10.032,10.0,0.0001,0.2,0
7.1,force,0.41784,0.10066,0.04496,10.075,10.0,-0.0,0.2,0
7.11,force,0.41584,0.10066,0.04496,10.095,10.0,-0.0001,0.2,0
7.12,force,0.41384,0.10066,0.04496,10.079,10.0,-0.0,0.2,0
7.13,force,0.41184,0.10066,0.04496,10.038,10.0,0.0001,0.2,0
7.14,force,0.40984,0.10066,0.04496,10.122,10.0,-0.0001,0.2,0
7.15,force,0.40784,0.10066,0.04496,10.111,10.0,-0.0001,0.2,0
7.16,force,0.40584,0.10066,0.04496,10.064,10.0,-0.0,0.2,0
7.17,force,0.40384,0.10066,0.04496,10.039,10.0,0.0001,0.2,0
7.18,force,0.40184,0.10066,0.04496,10.1,10.0,-0.0001,0.2,0
7.19,force,0.39984,0.10066,0.04496,10.081,10.0,-0.0,0.2,0
7.2,force,0.39784,0.10066,0.04496,9.998,10.0,0.0002,0.2,0
7.21,force,0.39584,0.10066,0.04496,10.07,10.0,-0.0,0.2,0
7.22,force,0.39384,0.10066,0.04496,10.086,10.0,-0.0001,0.2,0
7.23,force,0.39184,0.10066,0.04496,10.027,10.0,0.0001,0.2,0
7.24,force,0.38984,0.10066,0.04496,10.083,10.0,-0.0001,0.2,0
7.25,force,0.38784,0.10066,0.04496,10.0,10.0,0.0002,0.2,0
7.26,force,0.38584,0.10066,0.04496,10.142,10.0,-0.0002,0.2,0
7.27,force,0.38384,0.10066,0.04497,10.134,10.0,-0.0002,0.2,0
7.28,force,0.38184,0.10066,0.04497,10.055,10.0,0.0,0.2,0
7.29,force,0.37984,0.10066,0.04497,10.086,10.0,-0.0001,0.2,0
7.3,force,0.37784,0.10066,0.04496,9.946,10.0,0.0003,0.2,0
7.31,force,0.37584,0.10066,0.04496,10.015,10.0,0.0001,0.2,0
7.32,force,0.37384,0.10066,0.04496,10.06,10.0,-0.0,0.2,0
7.33,force,0.37184,0.10066,0.04496,10.021,10.0,0.0001,0.2,0
7.34,force,0.36984,0.10066,0.04496,10.112,10.0,-0.0001,0.2,0
7.35,force,0.36784,0.10066,0.04497,10.174,10.0,-0.0003,0.2,0
7.36,force,0.36584,0.10066,0.04496,10.009,10.0,0.0001,0.2,0
7.37,force,0.36384,0.10066,0.04496,10.029,10.0,0.0001,0.2,0
7.38,force,0.36184,0.10066,0.04496,10.084,10.0,-0.0001,0.2,0
7.39,force,0.35984,0.10066,0.04497,10.151,10.0,-0.0002,0.2,0
7.4,force,0.35784,0.10066,0.04497,10.005,10.0,0.0001,0.2,0
7.41,force,0.35584,0.10066,0.04497,10.081,10.0,-0.0001,0.2,0
7.42,force,0.35384,0.10066,0.04497,10.159,10.0,-0.0003,0.2,0
7.43,force,0.35184,0.10066,0.04497,9.98,10.0,0.0002,0.2,0
7.44,force,0.34984,0.10066,0.04497,10.002,10.0,0.0001,0.2,0
7.45,force,0.34784,0.10066,0.04497,10.048,10.0,0.0,0.2,0
7.46,force,0.34584,0.10066,0.04497,10.043,10.0,0.0,0.2,0
7.47,force,0.34384,0.10066,0.04497,10.111,10.0,-0.0001,0.2,0
7.48,force,0.34184,0.10066,0.04497,10.079,10.0,-0.0001,0.2,0
7.49,force,0.33984,0.10066,0.04497,9.977,10.0,0.0002,0.2,0
7.5,force,0.33784,0.10066,0.04497,10.096,10.0,-0.0001,0.2,0
7.51,force,0.33584,0.10066,0.04497,10.039,10.0,0.0,0.2,0
7.52,force,0.33384,0.10066,0.04497,10.132,10.0,-0.0002,0.2,0
7.53,force,0.33184,0.10066,0.04497,10.033,10.0,0.0001,0.2,0
7.54,force,0.32984,0.10066,0.04497,10.034,10.0,0.0001,0.2,0
7.55,force,0.32784,0.10066,0.04497,10.094,10.0,-0.0001,0.2,0
7.56,force,0.32584,0.10066,0.04497,10.103,10.0,-0.0001,0.2,0
7.57,force,0.32384,0.10066,0.04497,10.085,10.0,-0.0001,0.2,0
7.58,force,0.32184,0.10066,0.04497,9.976,10.0,0.0002,0.2,0
7.59,force,0.31984,0.10066,0.04497,10.091,10.0,-0.0001,0.2,0
7.6,force,0.31784,0.10066,0.04497,10.011,10.0,0.0001,0.2,0
7.61,force,0.31584,0.10066,0.04497,10.076,10.0,-0.0001,0.2,0
7.62,force,0.31384,0.10066,0.04497,9.992,10.0,0.0001,0.2,0
7.63,force,0.31184,0.10066,0.04497,10.089,10.0,-0.0001,0.2,0
7.64,force,0.30984,0.10066,0.04497,10.024,10.0,0.0001,0.2,0
7.65,force,0.30784,0.10066,0.04497,10.002,10.0,0.0001,0.2,0
7.66,force,0.30584,0.10066,0.04497,10.104,10.0,-0.0001,0.2,0
7.67,force,0.30384,0.10066,0.04497,10.078,10.0,-0.0001,0.2,0
7.68,force,0.30184,0.10066,0.04497,10.034,10.0,0.0,0.2,0
7.69,force,0.29984,0.10066,0.04497,10.138,10.0,-0.0002,0.2,0
7.7,force,0.29784,0.10066,0.04497,10.039,10.0,0.0,0.2,0
7.71,force,0.29584,0.10066,0.04497,10.063,10.0,-0.0,0.2,0
7.72,force,0.29384,0.10066,0.04497,10.074,10.0,-0.0001,0.2,0
7.73,force,0.29184,0.10066,0.04497,10.029,10.0,0.0001,0.2,0
7.74,force,0.28984,0.10066,0.04497,10.084,10.0,-0.0001,0.2,0
7.75,force,0.28784,0.10066,0.04497,10.032,10.0,0.0,0.2,0
7.76,force,0.28584,0.10066,0.04497,10.039,10.0,0.0,0.2,0
7.77,force,0.28384,0.10066,0.04497,10.128,10.0,-0.0002,0.2,0
7.78,force,0.28184,0.10066,0.04497,10.004,10.0,0.0001,0.2,0
7.79,force,0.27984,0.10066,0.04497,9.938,10.0,0.0003,0.2,0
7.8,force,0.27784,0.10066,0.04497,10.145,10.0,-0.0002,0.2,0
7.81,force,0.27584,0.10066,0.04497,10.187,10.0,-0.0003,0.2,0
7.82,force,0.27384,0.10066,0.04497,10.032,10.0,0.0,0.2,0
7.83,force,0.27184,0.10066,0.04497,9.956,10.0,0.0002,0.2,0
7.84,force,0.26984,0.10066,0.04497,10.042,10.0,0.0,0.2,0
7.85,force,0.26784,0.10066,0.04497,10.044,10.0,0.0,0.2,0
7.86,force,0.26584,0.10066,0.04497,10.048,10.0,-0.0,0.2,0
7.87,force,0.26384,0.10066,0.04497,10.002,10.0,0.0001,0.2,0
7.88,force,0.26184,0.10066,0.04497,10.089,10.0,-0.0001,0.2,0
7.89,force,0.25984,0.10066,0.04497,10.084,10.0,-0.0001,0.2,0
7.9,force,0.25784,0.10066,0.04497,9.981,10.0,0.0002,0.2,0
7.91,force,0.25584,0.10066,0.04497,10.094,10.0,-0.0001,0.2,0
7.92,force,0.25384,0.10066,0.04497,10.16,10.0,-0.0003,0.2,0
7.93,force,0.25184,0.10066,0.04497,10.06,10.0,-0.0,0.2,0
7.94,force,0.24984,0.10066,0.04497,10.034,10.0,0.0,0.2,0
7.95,force,0.24784,0.10066,0.04497,10.044,10.0,0.0,0.2,0
7.96,force,0.24584,0.10066,0.04498,10.082,10.0,-0.0001,0.2,0
7.97,force,0.24384,0.10066,0.04497,9.963,10.0,0.0002,0.2,0
7.98,force,0.24184,0.10066,0.04497,10.061,10.0,-0.0,0.2,0
7.99,force,0.23984,0.10066,0.04497,10.033,10.0,0.0,0.2,0
8.0,force,0.23784,0.10066,0.04498,10.145,10.0,-0.0003,0.2,0
8.01,force,0.23584,0.10066,0.04498,10.039,10.0,0.0,0.2,0
8.02,force,0.23384,0.10066,0.04498,10.131,10.0,-0.0002,0.2,0
8.03,force,0.23184,0.10066,0.04498,9.988,10.0,0.0001,0.2,0
8.04,force,0.22984,0.10066,0.04498,10.076,10.0,-0.0001,0.2,0
8.05,force,0.22784,0.10066,0.04498,10.061,10.0,-0.0,0.2,0
8.06,force,0.22584,0.10066,0.04498,10.0,10.0,0.0001,0.2,0
8.07,force,0.22384,0.10066,0.04498,10.055,10.0,-0.0,0.2,0
8.08,force,0.22184,0.10066,0.04498,10.106,10.0,-0.0002,0.2,0
8.09,force,0.21984,0.10066,0.04498,10.026,10.0,0.0,0.2,0
8.1,force,0.21784,0.10066,0.04498,9.958,10.0,0.0002,0.2,0
8.11,force,0.21584,0.10066,0.04498,10.046,10.0,-0.0,0.2,0
8.12,force,0.21384,0.10066,0.04498,10.002,10.0,0.0001,0.2,0
8.13,force,0.21184,0.10066,0.04498,10.032,10.0,0.0,0.2,0
8.14,force,0.20984,0.10066,0.04498,10.045,10.0,-0.0,0.2,0
8.15,force,0.20784,0.10066,0.04497,9.964,10.0,0.0002,0.2,0
8.16,force,0.20584,0.10066,0.04497,9.972,10.0,0.0002,0.2,0
8.17,force,0.20384,0.10066,0.04497,10.081,10.0,-0.0001,0.2,0
8.18,force,0.20184,0.10066,0.04497,10.028,10.0,0.0,0.2,0
8.19,force,0.19984,0.10066,0.04497,9.927,10.0,0.0003,0.2,0
8.2,force,0.19784,0.10066,0.04497,10.1,10.0,-0.0001,0.2,0
8.21,force,0.19584,0.10066,0.04497,10.071,10.0,-0.0001,0.2,0
8.22,force,0.19384,0.10066,0.04497,10.021,10.0,0.0,0.2,0
8.23,force,0.19184,0.10066,0.04497,9.991,10.0,0.0001,0.2,0
8.24,force,0.18984,0.10066,0.04497,10.102,10.0,-0.0002,0.2,0
8.25,force,0.18784,0.10066,0.04497,10.074,10.0,-0.0001,0.2,0
8.26,force,0.18584,0.10066,0.04498,10.174,10.0,-0.0003,0.2,0
8.27,force,0.18384,0.10066,0.04498,10.069,10.0,-0.0001,0.2,0
8.28,force,0.18184,0.10066,0.04498,10.066,10.0,-0.0001,0.2,0
8.29,force,0.17984,0.10066,0.04498,10.037,10.0,0.0,0.2,0
8.3,force,0.17784,0.10066,0.04498,10.086,10.0,-0.0001,0.2,0
8.31,force,0.17584,0.10066,0.04498,10.074,10.0,-0.0001,0.2,0
8.32,force,0.17384,0.10066,0.04498,10.104,10.0,-0.0002,0.2,0
8.33,force,0.17184,0.10066,0.04498,10.012,10.0,0.0001,0.2,0
8.34,force,0.16984,0.10066,0.04498,10.017,10.0,0.0,0.2,0
8.35,force,0.16784,0.10066,0.04498,10.016,10.0,0.0001,0.2,0
8.36,force,0.16584,0.10066,0.04498,10.081,10.0,-0.0001,0.2,0
8.37,force,0.16384,0.10066,0.04498,10.114,10.0,-0.0002,0.2,0
8.38,force,0.16184,0.10066,0.04498,10.012,10.0,0.0001,0.2,0
8.39,force,0.15984,0.10066,0.04498,10.015,10.0,0.0001,0.2,0
8.4,force,0.15784,0.10066,0.04498,10.053,10.0,-0.0,0.2,0
8.41,force,0.15584,0.10066,0.04498,10.024,10.0,0.0,0.2,0
8.42,force,0.15384,0.10066,0.04498,10.085,10.0,-0.0001,0.2,0
8.43,force,0.15184,0.10066,0.04498,9.922,10.0,0.0003,0.2,0
8.44,force,0.14984,0.10066,0.04498,9.999,10.0,0.0001,0.2,0
8.45,force,0.14784,0.10066,0.04498,10.003,10.0,0.0001,0.2,0
8.46,force,0.14584,0.10066,0.04498,9.928,10.0,0.0003,0.2,0
8.47,force,0.14384,0.10066,0.04497,10.001,10.0,0.0001,0.2,0
8.48,force,0.14184,0.10066,0.04497,10.005,10.0,0.0001,0.2,0
8.49,force,0.13984,0.10066,0.04497,10.043,10.0,-0.0,0.2,0
8.5,force,0.13784,0.10066,0.04498,10.108,10.0,-0.0002,0.2,0
8.51,force,0.13584,0.10066,0.04498,10.036,10.0,-0.0,0.2,0
8.52,force,0.13384,0.10066,0.04497,9.997,10.0,0.0001,0.2,0
8.53,force,0.13184,0.10066,0.04498,10.048,10.0,-0.0,0.2,0
8.54,force,0.12984,0.10066,0.04498,10.102,10.0,-0.0002,0.2,0
8.55,force,0.12784,0.10066,0.04498,9.998,10.0,0.0001,0.2,0
8.56,force,0.12584,0.10066,0.04497,10.003,10.0,0.0001,0.2,0
8.57,force,0.12384,0.10066,0.04498,10.078,10.0,-0.0001,0.2,0
8.58,force,0.12184,0.10066,0.04498,10.037,10.0,-0.0,0.2,0
8.59,force,0.11984,0.10066,0.04498,10.08,10.0,-0.0001,0.2,0
8.6,force,0.11784,0.10066,0.04498,10.045,10.0,-0.0,0.2,0
8.61,force,0.11584,0.10066,0.04498,10.08,10.0,-0.0001,0.2,0
8.62,force,0.11384,0.10066,0.04498,9.991,10.0,0.0001,0.2,0
8.63,force,0.11184,0.10066,0.04498,10.044,10.0,-0.0,0.2,0
8.64,force,0.10984,0.10066,0.04498,10.034,10.0,-0.0,0.2,0
8.65,force,0.10784,0.10066,0.04498,9.983,10.0,0.0001,0.2,0
8.66,force,0.10584,0.10066,0.04498,9.969,10.0,0.0002,0.2,0
8.67,force,0.10384,0.10066,0.04498,10.084,10.0,-0.0001,0.2,0
8.68,force,0.10184,0.10066,0.04498,10.03,10.0,0.0,0.2,0
8.69,force,0.09984,0.10066,0.04498,9.996,10.0,0.0001,0.2,0
8.7,force,0.09784,0.10066,0.04498,10.045,10.0,-0.0,0.2,0
8.71,force,0.09584,0.10066,0.04498,10.105,10.0,-0.0002,0.2,0
8.72,force,0.09384,0.10066,0.04497,9.931,10.0,0.0003,0.2,0
8.73,force,0.09184,0.10066,0.04497,9.975,10.0,0.0001,0.2,0
8.74,force,0.08984,0.10066,0.04497,10.007,10.0,0.0001,0.2,0
8.75,force,0.08784,0.10066,0.04498,10.128,10.0,-0.0002,0.2,0
8.76,force,0.08584,0.10066,0.04498,10.064,10.0,-0.0001,0.2,0
8.77,force,0.08384,0.10066,0.04498,10.087,10.0,-0.0001,0.2,0
8.78,force,0.08184,0.10066,0.04498,9.988,10.0,0.0001,0.2,0
8.79,force,0.07984,0.10066,0.04498,9.992,10.0,0.0001,0.2,0
8.8,force,0.07784,0.10066,0.04498,10.072,10.0,-0.0001,0.2,0
8.81,force,0.07584,0.10066,0.04498,10.05,10.0,-0.0,0.2,0
8.82,force,0.07384,0.10066,0.04498,10.074,10.0,-0.0001,0.2,0
8.83,force,0.07184,0.10066,0.04498,10.035,10.0,-0.0,0.2,0
8.84,force,0.06984,0.10066,0.04498,10.058,10.0,-0.0001,0.2,0
8.85,force,0.06784,0.10066,0.04498,10.051,10.0,-0.0001,0.2,0
8.86,force,0.06584,0.10066,0.04498,10.081,10.0,-0.0001,0.2,0
8.87,force,0.06384,0.10066,0.04498,10.08,10.0,-0.0001,0.2,0
8.88,force,0.06184,0.10066,0.04498,9.956,10.0,0.0002,0.2,0
8.89,force,0.05984,0.10066,0.04498,9.928,10.0,0.0003,0.2,0
8.9,force,0.05784,0.10066,0.04498,10.096,10.0,-0.0002,0.2,0
8.91,force,0.05584,0.10066,0.04498,10.102,10.0,-0.0002,0.2,0
8.92,force,0.05384,0.10066,0.04498,9.988,10.0,0.0001,0.2,0
8.93,force,0.05184,0.10066,0.04498,9.948,10.0,0.0002,0.2,0
8.94,force,0.04984,0.10066,0.04498,10.05,10.0,-0.0001,0.2,0
8.95,force,0.04784,0.10066,0.04498,10.09,10.0,-0.0002,0.2,0
8.96,force,0.04584,0.10066,0.04498,10.131,10.0,-0.0003,0.2,0
8.97,force,0.04384,0.10066,0.04498,10.062,10.0,-0.0001,0.2,0
8.98,force,0.04184,0.10066,0.04498,10.016,10.0,0.0,0.2,0
8.99,force,0.03984,0.10066,0.04498,9.99,10.0,0.0001,0.2,0
9.0,force,0.03784,0.10066,0.04498,10.037,10.0,-0.0,0.2,0
9.01,force,0.03584,0.10066,0.04498,10.021,10.0,0.0,0.2,0
9.02,force,0.03384,0.10066,0.04498,9.986,10.0,0.0001,0.2,0
9.03,force,0.03184,0.10066,0.04498,10.141,10.0,-0.0003,0.2,0
9.04,force,0.02984,0.10066,0.04499,10.122,10.0,-0.0002,0.2,0
9.05,force,0.02784,0.10066,0.04499,10.085,10.0,-0.0001,0.2,0
9.06,force,0.02584,0.10066,0.04499,9.979,10.0,0.0001,0.2,0
9.07,force,0.02384,0.10066,0.04499,10.071,10.0,-0.0001,0.2,0
9.08,force,0.02184,0.10066,0.04499,10.058,10.0,-0.0001,0.2,0
9.09,force,0.01984,0.10066,0.04499,10.046,10.0,-0.0,0.2,0
9.1,force,0.01784,0.10066,0.04499,10.086,10.0,-0.0001,0.2,0
9.11,force,0.01584,0.10066,0.04499,10.052,10.0,-0.0001,0.2,0
9.12,force,0.01384,0.10066,0.04499,10.056,10.0,-0.0001,0.2,0
9.13,force,0.01184,0.10066,0.04499,10.049,10.0,-0.0001,0.2,0
9.14,force,0.00984,0.10066,0.04499,10.033,10.0,-0.0,0.2,0
9.15,force,0.00784,0.10066,0.04499,9.926,10.0,0.0002,0.2,0
9.16,force,0.00584,0.10066,0.04499,10.025,10.0,0.0,0.2,0
9.17,force,0.00384,0.10066,0.04499,9.993,10.0,0.0001,0.2,0
9.18,force,0.00184,0.10066,0.04499,9.958,10.0,0.0002,0.2,0
9.19,force,-0.00016,0.10066,0.04499,10.11,10.0,-0.0002,0.2,0
9.2,force,-0.00216,0.10066,0.04499,10.108,10.0,-0.0002,0.2,0
9.21,force,-0.00416,0.10066,0.04499,10.085,10.0,-0.0002,0.2,0
9.22,force,-0.00616,0.10066,0.04499,10.027,10.0,-0.0,0.2,0
9.23,force,-0.00816,0.10066,0.04499,10.082,10.0,-0.0001,0.2,0
9.24,force,-0.01016,0.10066,0.04499,10.012,10.0,0.0,0.2,0
9.25,force,-0.01216,0.10066,0.04499,10.022,10.0,0.0,0.2,0
9.26,force,-0.01416,0.10066,0.04499,9.957,10.0,0.0002,0.2,0
9.27,force,-0.01616,0.10066,0.04499,10.035,10.0,-0.0,0.2,0
9.28,force,-0.01816,0.10066,0.04499,10.018,10.0,0.0,0.2,0
9.29,force,-0.02016,0.10066,0.04499,9.95,10.0,0.0002,0.2,0
9.3,force,-0.02216,0.10066,0.04499,10.016,10.0,0.0,0.2,0
9.31,force,-0.02416,0.10066,0.04499,10.015,10.0,0.0,0.2,0
9.32,force,-0.02616,0.10066,0.04499,10.109,10.0,-0.0002,0.2,0
9.33,force,-0.02816,0.10066,0.04499,10.06,10.0,-0.0001,0.2,0
9.34,force,-0.03016,0.10066,0.04499,10.014,10.0,0.0,0.2,0
9.35,force,-0.03216,0.10066,0.04499,10.026,10.0,-0.0,0.2,0
9.36,force,-0.03416,0.10066,0.04499,10.016,10.0,0.0,0.2,0
9.37,force,-0.03616,0.10066,0.04499,10.004,10.0,0.0,0.2,0
9.38,force,-0.03816,0.10066,0.04499,9.961,10.0,0.0002,0.2,0
9.39,force,-0.04016,0.10066,0.04499,10.011,10.0,0.0,0.2,0
9.4,force,-0.04216,0.10066,0.04499,9.981,10.0,0.0001,0.2,0
9.41,force,-0.04416,0.10066,0.04499,9.958,10.0,0.0002,0.2,0
9.42,force,-0.04616,0.10066,0.04499,10.05,10.0,-0.0001,0.2,0
9.43,force,-0.04816,0.10066,0.04499,10.042,10.0,-0.0,0.2,0
9.44,force,-0.05016,0.10066,0.04499,9.932,10.0,0.0002,0.2,0
9.45,force,-0.05216,0.10066,0.04499,10.02,10.0,0.0,0.2,0
9.46,force,-0.05416,0.10066,0.04499,10.076,10.0,-0.0001,0.2,0
9.47,force,-0.05616,0.10066,0.04499,10.077,10.0,-0.0001,0.2,0
9.48,force,-0.05816,0.10066,0.04499,10.072,10.0,-0.0001,0.2,0
9.49,force,-0.06016,0.10066,0.04499,10.02,10.0,0.0,0.2,0
9.5,force,-0.06216,0.10066,0.04499,9.976,10.0,0.0001,0.2,0
9.51,force,-0.06416,0.10066,0.04499,9.967,10.0,0.0001,0.2,0
9.52,force,-0.06616,0.10066,0.04499,10.041,10.0,-0.0,0.2,0
9.53,force,-0.06816,0.10066,0.04499,10.042,10.0,-0.0,0.2,0
9.54,force,-0.07016,0.10066,0.04499,10.086,10.0,-0.0002,0.2,0
9.55,force,-0.07216,0.10066,0.04499,10.074,10.0,-0.0001,0.2,0
9.56,force,-0.07416,0.10066,0.04499,10.009,10.0,0.0,0.2,0
9.57,force,-0.07616,0.10066,0.04499,9.954,10.0,0.0002,0.2,0
9.58,force,-0.07816,0.10066,0.04499,10.004,10.0,0.0,0.2,0
9.59,force,-0.08016,0.10066,0.04499,10.032,10.0,-0.0,0.2,0
9.6,force,-0.08216,0.10066,0.04499,10.01,10.0,0.0,0.2,0
9.61,force,-0.08416,0.10066,0.04499,9.992,10.0,0.0001,0.2,0
9.62,force,-0.08616,0.10066,0.04499,10.035,10.0,-0.0,0.2,0
9.63,force,-0.08816,0.10066,0.04499,9.996,10.0,0.0001,0.2,0
9.64,force,-0.09016,0.10066,0.04499,9.991,10.0,0.0001,0.2,0
9.65,force,-0.09216,0.10066,0.04499,10.04,10.0,-0.0,0.2,0
9.66,force,-0.09416,0.10066,0.04499,10.003,10.0,0.0,0.2,0
9.67,force,-0.09616,0.10066,0.04499,10.036,10.0,-0.0,0.2,0
9.68,force,-0.09816,0.10066,0.04499,10.037,10.0,-0.0,0.2,0
9.69,force,-0.10016,0.10066,0.04499,9.966,10.0,0.0001,0.2,0
9.7,force,-0.10216,0.10066,0.04499,10.001,10.0,0.0,0.2,0
9.71,force,-0.10416,0.10066,0.04499,10.098,10.0,-0.0002,0.2,0
9.72,force,-0.10616,0.10066,0.04499,9.964,10.0,0.0001,0.2,0
9.73,force,-0.10816,0.10066,0.04498,9.92,10.0,0.0003,0.2,0
9.74,force,-0.11016,0.10066,0.04498,9.937,10.0,0.0002,0.2,0
9.75,force,-0.11216,0.10066,0.04498,10.036,10.0,-0.0,0.2,0
9.76,force,-0.11416,0.10066,0.04498,10.035,10.0,-0.0,0.2,0
9.77,force,-0.11616,0.10066,0.04498,10.027,10.0,-0.0,0.2,0
9.78,force,-0.11816,0.10066,0.04499,10.094,10.0,-0.0002,0.2,0
9.79,force,-0.12016,0.10066,0.04498,9.896,10.0,0.0003,0.2,0
9.8,force,-0.12216,0.10066,0.04498,10.055,10.0,-0.0001,0.2,0
9.81,force,-0.12416,0.10066,0.04499,10.112,10.0,-0.0002,0.2,0
9.82,force,-0.12616,0.10066,0.04498,9.973,10.0,0.0001,0.2,0
9.83,force,-0.12816,0.10066,0.04498,10.013,10.0,0.0,0.2,0
9.84,force,-0.13016,0.10066,0.04498,9.994,10.0,0.0001,0.2,0
9.85,force,-0.13216,0.10066,0.04498,9.988,10.0,0.0001,0.2,0
9.86,force,-0.13416,0.10066,0.04498,10.018,10.0,0.0,0.2,0
9.87,force,-0.13616,0.10066,0.04498,10.106,10.0,-0.0002,0.2,0
9.88,force,-0.13816,0.10066,0.04499,10.122,10.0,-0.0003,0.2,0
9.89,force,-0.14016,0.10066,0.04499,10.009,10.0,0.0,0.2,0
9.9,force,-0.14216,0.10066,0.04499,10.121,10.0,-0.0003,0.2,0
9.91,force,-0.14416,0.10066,0.04499,10.023,10.0,-0.0,0.2,0
9.92,force,-0.14616,0.10066,0.04499,10.108,10.0,-0.0002,0.2,0
9.93,force,-0.14816,0.10066,0.04499,10.011,10.0,0.0,0.2,0
9.94,force,-0.15016,0.10066,0.04499,10.023,10.0,-0.0,0.2,0
9.95,force,-0.15216,0.10066,0.04499,10.035,10.0,-0.0,0.2,0
9.96,force,-0.15416,0.10066,0.045,10.174,10.0,-0.0004,0.2,0
9.97,force,-0.15616,0.10066,0.045,10.05,10.0,-0.0001,0.2,0
9.98,force,-0.15816,0.10066,0.045,9.971,10.0,0.0001,0.2,0
9.99,force,-0.16016,0.10066,0.045,10.057,10.0,-0.0001,0.2,0
10.0,force,-0.16216,0.10066,0.045,9.988,10.0,0.0001,0.2,0
10.01,force,-0.16416,0.10066,0.045,9.983,10.0,0.0001,0.2,0
10.02,force,-0.16616,0.10066,0.045,10.055,10.0,-0.0001,0.2,0
10.03,force,-0.16816,0.10066,0.045,10.009,10.0,0.0,0.2,0
10.04,force,-0.17016,0.10066,0.045,10.022,10.0,-0.0,0.2,0
10.05,force,-0.17216,0.10066,0.045,10.008,10.0,0.0,0.2,0
10.06,force,-0.17416,0.10066,0.045,10.025,10.0,-0.0,0.2,0
10.07,force,-0.17616,0.10066,0.045,10.029,10.0,-0.0,0.2,0
10.08,force,-0.17816,0.10066,0.04499,9.91,10.0,0.0003,0.2,0
10.09,force,-0.18016,0.10066,0.04499,10.046,10.0,-0.0001,0.2,0
10.1,force,-0.18216,0.10066,0.04499,9.962,10.0,0.0001,0.2,0
10.11,force,-0.18416,0.10066,0.04499,9.942,10.0,0.0002,0.2,0
10.12,force,-0.18616,0.10066,0.04499,10.015,10.0,0.0,0.2,0
10.13,force,-0.18816,0.10066,0.04499,10.022,10.0,-0.0,0.2,0
10.14,force,-0.19016,0.10066,0.04499,9.983,10.0,0.0001,0.2,0
10.15,force,-0.19216,0.10066,0.04499,10.061,10.0,-0.0001,0.2,0
10.16,force,-0.19416,0.10066,0.04499,9.95,10.0,0.0002,0.2,0
10.17,force,-0.19616,0.10066,0.04499,10.0,10.0,0.0,0.2,0
10.18,force,-0.19816,0.10066,0.04499,9.992,10.0,0.0001,0.2,0
10.19,force,-0.20016,0.10066,0.04499,10.02,10.0,-0.0,0.2,0
10.2,force,-0.20216,0.10066,0.04499,10.036,10.0,-0.0,0.2,0
10.21,force,-0.20416,0.10066,0.04499,9.971,10.0,0.0001,0.2,0
10.22,force,-0.20616,0.10066,0.04499,10.06,10.0,-0.0001,0.2,0
10.23,force,-0.20816,0.10066,0.04499,10.025,10.0,-0.0,0.2,0
10.24,force,-0.21016,0.10066,0.04499,9.926,10.0,0.0002,0.2,0
10.25,force,-0.21216,0.10066,0.04498,9.928,10.0,0.0002,0.2,0
10.26,force,-0.21416,0.10066,0.04499,10.029,10.0,-0.0,0.2,0
10.27,force,-0.21616,0.10066,0.04499,10.018,10.0,-0.0,0.2,0
10.28,force,-0.21816,0.10066,0.04499,10.024,10.0,-0.0,0.2,0
10.29,force,-0.22016,0.10066,0.04499,10.028,10.0,-0.0,0.2,0
10.3,force,-0.22216,0.10066,0.04499,10.04,10.0,-0.0001,0.2,0
10.31,force,-0.22416,0.10066,0.04499,10.075,10.0,-0.0001,0.2,0
10.32,force,-0.22616,0.10066,0.04499,9.969,10.0,0.0001,0.2,0
10.33,force,-0.22816,0.10066,0.04499,9.968,10.0,0.0001,0.2,0
10.34,force,-0.23016,0.10066,0.04498,9.974,10.0,0.0001,0.2,0
10.35,force,-0.23216,0.10066,0.04499,10.046,10.0,-0.0001,0.2,0
10.36,force,-0.23416,0.10066,0.04499,10.092,10.0,-0.0002,0.2,0
10.37,force,-0.23616,0.10066,0.04499,10.004,10.0,0.0,0.2,0
10.38,force,-0.23816,0.10066,0.04498,9.902,10.0,0.0003,0.2,0
10.39,force,-0.24016,0.10066,0.04498,9.947,10.0,0.0002,0.2,0
10.4,force,-0.24216,0.10066,0.04498,9.994,10.0,0.0001,0.2,0
10.41,force,-0.24416,0.10066,0.04498,10.009,10.0,0.0,0.2,0
10.42,force,-0.24616,0.10066,0.04498,10.017,10.0,-0.0,0.2,0
10.43,force,-0.24816,0.10066,0.04498,10.039,10.0,-0.0001,0.2,0
10.44,force,-0.25016,0.10066,0.04498,10.021,10.0,-0.0,0.2,0
10.45,force,-0.25216,0.10066,0.04498,10.088,10.0,-0.0002,0.2,0
10.46,force,-0.25416,0.10066,0.04498,9.999,10.0,0.0,0.2,0
10.47,force,-0.25616,0.10066,0.04498,9.99,10.0,0.0001,0.2,0
10.48,force,-0.25816,0.10066,0.04498,10.058,10.0,-0.0001,0.2,0
10.49,force,-0.26016,0.10066,0.04498,9.956,10.0,0.0002,0.2,0
10.5,force,-0.26216,0.10066,0.04498,10.055,10.0,-0.0001,0.2,0
10.51,force,-0.26416,0.10066,0.04498,10.039,10.0,-0.0001,0.2,0
10.52,force,-0.26616,0.10066,0.04498,10.025,10.0,-0.0,0.2,0
10.53,force,-0.26816,0.10066,0.04499,10.111,10.0,-0.0002,0.2,0
10.54,force,-0.27016,0.10066,0.04499,9.996,10.0,0.0,0.2,0
10.55,force,-0.27216,0.10066,0.04499,10.131,10.0,-0.0003,0.2,0
10.56,force,-0.27416,0.10066,0.04499,10.011,10.0,0.0,0.2,0
10.57,force,-0.27616,0.10066,0.04499,9.959,10.0,0.0001,0.2,0
10.58,force,-0.27816,0.10066,0.04499,10.029,10.0,-0.0,0.2,0
10.59,force,-0.28016,0.10066,0.04499,9.971,10.0,0.0001,0.2,0
10.6,force,-0.28216,0.10066,0.04499,9.989,10.0,0.0001,0.2,0
10.61,force,-0.28416,0.10066,0.04499,10.048,10.0,-0.0001,0.2,0
10.62,force,-0.28616,0.10066,0.04499,10.054,10.0,-0.0001,0.2,0
10.63,force,-0.28816,0.10066,0.04499,9.993,10.0,0.0001,0.2,0
10.64,force,-0.29016,0.10066,0.04499,10.075,10.0,-0.0002,0.2,0
10.65,force,-0.29216,0.10066,0.04499,10.08,10.0,-0.0002,0.2,0
10.66,force,-0.29416,0.10066,0.04499,10.091,10.0,-0.0002,0.2,0
10.67,force,-0.29616,0.10066,0.04499,10.042,10.0,-0.0001,0.2,0
10.68,force,-0.29816,0.10066,0.04499,10.082,10.0,-0.0002,0.2,0
10.69,force,-0.30016,0.10066,0.04499,9.916,10.0,0.0002,0.2,0
10.7,force,-0.30216,0.10066,0.04499,9.999,10.0,0.0,0.2,0
10.71,force,-0.30416,0.10066,0.04499,9.972,10.0,0.0001,0.2,0
10.72,force,-0.30616,0.10066,0.04499,10.024,10.0,-0.0,0.2,0
10.73,force,-0.30816,0.10066,0.04499,9.989,10.0,0.0001,0.2,0
10.74,force,-0.31016,0.10066,0.04499,10.01,10.0,0.0,0.2,0
10.75,force,-0.31216,0.10066,0.04499,10.113,10.0,-0.0003,0.2,0
10.76,force,-0.31416,0.10066,0.04499,10.005,10.0,0.0,0.2,0
10.77,force,-0.31616,0.10066,0.04499,10.035,10.0,-0.0001,0.2,0
10.78,force,-0.31816,0.10066,0.04499,10.001,10.0,0.0,0.2,0
10.79,force,-0.32016,0.10066,0.04499,10.017,10.0,-0.0,0.2,0
10.8,force,-0.32216,0.10066,0.04499,10.014,10.0,-0.0,0.2,0
10.81,force,-0.32416,0.10066,0.04499,10.036,10.0,-0.0001,0.2,0
10.82,force,-0.32616,0.10066,0.045,10.07,10.0,-0.0001,0.2,0
10.83,force,-0.32816,0.10066,0.045,10.092,10.0,-0.0002,0.2,0
10.84,force,-0.33016,0.10066,0.045,10.021,10.0,-0.0,0.2,0
10.85,force,-0.33216,0.10066,0.045,10.034,10.0,-0.0001,0.2,0
10.86,force,-0.33416,0.10066,0.045,9.946,10.0,0.0002,0.2,0
10.87,force,-0.33616,0.10066,0.045,10.003,10.0,0.0,0.2,0
10.88,force,-0.33816,0.10066,0.045,10.054,10.0,-0.0001,0.2,0
10.89,force,-0.34016,0.10066,0.045,10.049,10.0,-0.0001,0.2,0
10.9,force,-0.34216,0.10066,0.045,10.014,10.0,-0.0,0.2,0
10.91,force,-0.34416,0.10066,0.045,10.048,10.0,-0.0001,0.2,0
10.92,force,-0.34616,0.10066,0.045,10.026,10.0,-0.0,0.2,0
10.93,force,-0.34816,0.10066,0.045,10.061,10.0,-0.0001,0.2,0
10.94,force,-0.35016,0.10066,0.045,10.013,10.0,-0.0,0.2,0
10.95,force,-0.35216,0.10066,0.045,9.98,10.0,0.0001,0.2,0
10.96,force,-0.35416,0.10066,0.045,10.016,10.0,-0.0,0.2,0
10.97,force,-0.35616,0.10066,0.045,9.853,10.0,0.0004,0.2,0
10.98,force,-0.35816,0.10066,0.045,10.026,10.0,-0.0,0.2,0
10.99,force,-0.36016,0.10066,0.04499,9.824,10.0,0.0005,0.2,0
11.0,force,-0.36216,0.10066,0.04499,9.93,10.0,0.0002,0.2,0
11.01,force,-0.36416,0.10066,0.04499,10.043,10.0,-0.0001,0.2,0
11.02,force,-0.36616,0.10066,0.04499,10.042,10.0,-0.0001,0.2,0
11.03,force,-0.36816,0.10066,0.04499,9.959,10.0,0.0001,0.2,0
11.04,force,-0.37016,0.10066,0.04499,9.984,10.0,0.0001,0.2,0
11.05,force,-0.37216,0.10066,0.04499,10.09,10.0,-0.0002,0.2,0
11.06,force,-0.37416,0.10066,0.04499,9.993,10.0,0.0,0.2,0
11.07,force,-0.37616,0.10066,0.04499,10.13,10.0,-0.0003,0.2,0
11.08,force,-0.37816,0.10066,0.04499,10.012,10.0,-0.0,0.2,0
11.09,force,-0.38016,0.10066,0.04499,10.032,10.0,-0.0001,0.2,0
11.1,force,-0.38216,0.10066,0.045,10.092,10.0,-0.0002,0.2,0
11.11,force,-0.38416,0.10066,0.045,10.013,10.0,-0.0,0.2,0
11.12,force,-0.38616,0.10066,0.045,9.957,10.0,0.0001,0.2,0
11.13,force,-0.38816,0.10066,0.045,10.004,10.0,0.0,0.2,0
11.14,force,-0.39016,0.10066,0.045,10.008,10.0,0.0,0.2,0
11.15,force,-0.39216,0.10066,0.04499,9.942,10.0,0.0002,0.2,0
11.16,force,-0.39416,0.10066,0.04499,10.001,10.0,0.0,0.2,0
11.17,force,-0.39616,0.10066,0.04499,9.977,10.0,0.0001,0.2,0
11.18,force,-0.39816,0.10066,0.04499,10.062,10.0,-0.0001,0.2,0
11.19,force,-0.40016,0.10066,0.04499,10.015,10.0,-0.0,0.2,0
11.2,force,-0.40216,0.10066,0.04499,9.999,10.0,0.0,0.2,0
11.21,force,-0.40416,0.10066,0.04499,10.008,10.0,0.0,0.2,0
11.22,force,-0.40616,0.10066,0.04499,10.025,10.0,-0.0,0.2,0
11.23,force,-0.40816,0.10066,0.04499,10.044,10.0,-0.0001,0.2,0
11.24,force,-0.41016,0.10066,0.04499,9.961,10.0,0.0001,0.2,0
11.25,force,-0.41216,0.10066,0.04499,9.962,10.0,0.0001,0.2,0
11.26,force,-0.41416,0.10066,0.04499,10.071,10.0,-0.0002,0.2,0
11.27,force,-0.41616,0.10066,0.04499,9.993,10.0,0.0,0.2,0
11.28,force,-0.41816,0.10066,0.04499,9.943,10.0,0.0002,0.2,0
11.29,force,-0.42016,0.10066,0.04499,10.04,10.0,-0.0001,0.2,0
11.3,force,-0.42216,0.10066,0.04499,10.039,10.0,-0.0001,0.2,0
11.31,force,-0.42416,0.10066,0.04499,9.938,10.0,0.0002,0.2,0
11.32,force,-0.42616,0.10066,0.04499,10.03,10.0,-0.0,0.2,0
11.33,force,-0.42816,0.10066,0.04499,10.054,10.0,-0.0001,0.2,0
11.34,force,-0.43016,0.10066,0.04499,10.034,10.0,-0.0001,0.2,0
11.35,force,-0.43216,0.10066,0.04499,10.045,10.0,-0.0001,0.2,0
11.36,force,-0.43416,0.10066,0.04499,9.942,10.0,0.0002,0.2,0
11.37,force,-0.43616,0.10066,0.04499,10.032,10.0,-0.0001,0.2,0
11.38,force,-0.43816,0.10066,0.04499,9.999,10.0,0.0,0.2,0
11.39,force,-0.44016,0.10066,0.04499,9.991,10.0,0.0,0.2,0
11.4,force,-0.44216,0.10066,0.04499,10.059,10.0,-0.0001,0.2,0
11.41,force,-0.44416,0.10066,0.045,10.087,10.0,-0.0002,0.2,0
11.42,force,-0.44616,0.10066,0.045,10.099,10.0,-0.0002,0.2,0
11.43,force,-0.44816,0.10066,0.045,10.071,10.0,-0.0002,0.2,0
11.44,force,-0.45016,0.10066,0.045,9.996,10.0,0.0,0.2,0
11.45,force,-0.45216,0.10066,0.045,10.02,10.0,-0.0,0.2,0
11.46,force,-0.45416,0.10066,0.045,10.04,10.0,-0.0001,0.2,0
11.47,force,-0.45616,0.10066,0.045,10.006,10.0,0.0,0.2,0
11.48,force,-0.45816,0.10066,0.045,10.007,10.0,0.0,0.2,0
11.49,force,-0.4577,0.10261,0.045,10.042,10.0,-0.0001,0.2,0
11.5,force,-0.45724,0.10455,0.045,9.996,10.0,0.0,0.2,0
11.51,force,-0.45678,0.1065,0.045,9.963,10.0,0.0001,0.2,0
11.52,force,-0.45632,0.10845,0.045,9.981,10.0,0.0001,0.2,0
11.53,force,-0.45587,0.11039,0.045,10.035,10.0,-0.0001,0.2,0
11.54,force,-0.45541,0.11234,0.045,10.002,10.0,0.0,0.2,0
11.55,force,-0.45495,0.11429,0.045,10.019,10.0,-0.0,0.2,0
11.56,force,-0.45449,0.11624,0.045,10.035,10.0,-0.0001,0.2,0
11.57,force,-0.45403,0.11818,0.045,9.982,10.0,0.0001,0.2,0
11.58,force,-0.45357,0.12013,0.045,10.039,10.0,-0.0001,0.2,0
11.59,force,-0.45312,0.12208,0.045,10.019,10.0,-0.0,0.2,0
11.6,force,-0.45266,0.12402,0.045,9.938,10.0,0.0002,0.2,0
11.61,force,-0.4522,0.12597,0.045,10.075,10.0,-0.0002,0.2,0
11.62,force,-0.45174,0.12792,0.045,9.975,10.0,0.0001,0.2,0
11.63,force,-0.45128,0.12986,0.045,9.919,10.0,0.0002,0.2,0
11.64,force,-0.45083,0.13181,0.045,9.954,10.0,0.0001,0.2,0
11.65,force,-0.45037,0.13376,0.04499,9.958,10.0,0.0001,0.2,0
11.66,force,-0.44991,0.1357,0.04499,10.014,10.0,-0.0,0.2,0
11.67,force,-0.44945,0.13765,0.04499,9.997,10.0,0.0,0.2,0
11.68,force,-0.44899,0.1396,0.04499,9.995,10.0,0.0,0.2,0
11.69,force,-0.44854,0.14154,0.04499,10.043,10.0,-0.0001,0.2,0
11.7,force,-0.44808,0.14349,0.045,10.028,10.0,-0.0,0.2,0
11.71,force,-0.44762,0.14544,0.045,10.025,10.0,-0.0,0.2,0
11.72,force,-0.44716,0.14738,0.045,10.029,10.0,-0.0001,0.2,0
11.73,force,-0.4467,0.14933,0.045,10.038,10.0,-0.0001,0.2,0
11.74,force,-0.44625,0.15128,0.04499,9.901,10.0,0.0003,0.2,0
11.75,force,-0.44579,0.15323,0.04499,9.993,10.0,0.0,0.2,0
11.76,force,-0.44533,0.15517,0.04499,9.903,10.0,0.0003,0.2,0
11.77,force,-0.44487,0.15712,0.04499,10.019,10.0,-0.0,0.2,0
11.78,force,-0.44441,0.15907,0.04499,10.017,10.0,-0.0,0.2,0
11.79,force,-0.44396,0.16101,0.04499,10.069,10.0,-0.0002,0.2,0
11.8,force,-0.4435,0.16296,0.04499,10.073,10.0,-0.0002,0.2,0
11.81,force,-0.44304,0.16491,0.045,10.021,10.0,-0.0,0.2,0
11.82,force,-0.44258,0.16685,0.04499,9.985,10.0,0.0001,0.2,0
11.83,force,-0.44212,0.1688,0.045,10.035,10.0,-0.0001,0.2,0
11.84,force,-0.44166,0.17075,0.04499,9.983,10.0,0.0001,0.2,0
11.85,force,-0.44121,0.17269,0.04499,10.011,10.0,-0.0,0.2,0
11.86,force,-0.44075,0.17464,0.045,10.06,10.0,-0.0001,0.2,0
11.87,force,-0.44029,0.17659,0.045,9.98,10.0,0.0001,0.2,0
11.88,force,-0.43983,0.17853,0.045,10.05,10.0,-0.0001,0.2,0
11.89,force,-0.43937,0.18048,0.045,10.041,10.0,-0.0001,0.2,0
11.9,force,-0.43892,0.18243,0.045,9.958,10.0,0.0001,0.2,0
11.91,force,-0.43846,0.18437,0.045,10.057,10.0,-0.0001,0.2,0
11.92,force,-0.438,0.18632,0.045,10.041,10.0,-0.0001,0.2,0
11.93,force,-0.436,0.18632,0.045,10.009,10.0,-0.0,0.2,0
11.94,force,-0.434,0.18632,0.045,9.966,10.0,0.0001,0.2,0
11.95,force,-0.432,0.18632,0.045,9.963,10.0,0.0001,0.2,0
11.96,force,-0.43,0.18632,0.045,9.981,10.0,0.0001,0.2,0
11.97,force,-0.428,0.18632,0.045,10.037,10.0,-0.0001,0.2,0
11.98,force,-0.426,0.18632,0.04499,9.96,10.0,0.0001,0.2,0
11.99,force,-0.424,0.18632,0.045,10.032,10.0,-0.0001,0.2,0
12.0,force,-0.422,0.18632,0.04499,9.947,10.0,0.0002,0.2,0
12.01,force,-0.42,0.18632,0.04499,10.002,10.0,0.0,0.2,0
12.02,force,-0.418,0.18632,0.04499,10.018,10.0,-0.0,0.2,0
12.03,force,-0.416,0.18632,0.045,10.134,10.0,-0.0003,0.2,0
12.04,force,-0.414,0.18632,0.045,9.937,10.0,0.0002,0.2,0
12.05,force,-0.412,0.18632,0.045,10.083,10.0,-0.0002,0.2,0
12.06,force,-0.41,0.18632,0.045,10.013,10.0,-0.0,0.2,0
12.07,force,-0.408,0.18632,0.045,10.026,10.0,-0.0,0.2,0
12.08,force,-0.406,0.18632,0.045,10.01,10.0,-0.0,0.2,0
12.09,force,-0.404,0.18632,0.045,10.026,10.0,-0.0,0.2,0
12.1,force,-0.402,0.18632,0.045,9.995,10.0,0.0,0.2,0
12.11,force,-0.4,0.18632,0.045,10.076,10.0,-0.0002,0.2,0
12.12,force,-0.398,0.18632,0.045,9.977,10.0,0.0001,0.2,0
12.13,force,-0.396,0.18632,0.045,10.058,10.0,-0.0001,0.2,0
12.14,force,-0.394,0.18632,0.045,9.967,10.0,0.0001,0.2,0
12.15,force,-0.392,0.18632,0.045,9.998,10.0,0.0,0.2,0
12.16,force,-0.39,0.18632,0.045,9.948,10.0,0.0001,0.2,0
12.17,force,-0.388,0.18632,0.045,10.027,10.0,-0.0001,0.2,0
12.18,force,-0.386,0.18632,0.045,10.076,10.0,-0.0002,0.2,0
12.19,force,-0.384,0.18632,0.045,9.996,10.0,0.0,0.2,0
12.2,force,-0.382,0.18632,0.045,9.991,10.0,0.0,0.2,0
12.21,force,-0.38,0.18632,0.045,9.945,10.0,0.0002,0.2,0
12.22,force,-0.378,0.18632,0.045,9.993,10.0,0.0,0.2,0
12.23,force,-0.376,0.18632,0.045,9.925,10.0,0.0002,0.2,0
12.24,force,-0.374,0.18632,0.04499,9.963,10.0,0.0001,0.2,0
12.25,force,-0.372,0.18632,0.04499,10.023,10.0,-0.0,0.2,0
12.26,force,-0.37,0.18632,0.045,10.076,10.0,-0.0002,0.2,0
12.27,force,-0.368,0.18632,0.045,10.147,10.0,-0.0004,0.2,0
12.28,force,-0.366,0.18632,0.045,9.971,10.0,0.0001,0.2,0
12.29,force,-0.364,0.18632,0.045,10.073,10.0,-0.0002,0.2,0
12.3,force,-0.362,0.18632,0.045,10.01,10.0,-0.0,0.2,0
12.31,force,-0.36,0.18632,0.045,9.991,10.0,0.0,0.2,0
12.32,force,-0.358,0.18632,0.045,10.02,10.0,-0.0,0.2,0
12.33,force,-0.356,0.18632,0.045,10.001,10.0,0.0,0.2,0
12.34,force,-0.354,0.18632,0.045,10.004,10.0,0.0,0.2,0
12.35,force,-0.352,0.18632,0.045,9.978,10.0,0.0001,0.2,0
12.36,force,-0.35,0.18632,0.045,9.93,10.0,0.0002,0.2,0
12.37,force,-0.348,0.18632,0.045,9.926,10.0,0.0002,0.2,0
12.38,force,-0.346,0.18632,0.045,10.04,10.0,-0.0001,0.2,0
12.39,force,-0.344,0.18632,0.045,9.992,10.0,0.0,0.2,0
12.4,force,-0.342,0.18632,0.045,9.977,10.0,0.0001,0.2,0
12.41,force,-0.34,0.18632,0.045,10.009,10.0,-0.0,0.2,0
12.42,force,-0.338,0.18632,0.045,10.048,10.0,-0.0001,0.2,0
12.43,force,-0.336,0.18632,0.045,10.015,10.0,-0.0,0.2,0
12.44,force,-0.334,0.18632,0.045,9.973,10.0,0.0001,0.2,0
12.45,force,-0.332,0.18632,0.045,10.069,10.0,-0.0002,0.2,0
12.46,force,-0.33,0.18632,0.045,10.083,10.0,-0.0002,0.2,0
12.47,force,-0.328,0.18632,0.045,10.025,10.0,-0.0,0.2,0
12.48,force,-0.326,0.18632,0.045,10.048,10.0,-0.0001,0.2,0
12.49,force,-0.324,0.18632,0.045,10.059,10.0,-0.0001,0.2,0
12.5,force,-0.322,0.18632,0.045,10.051,10.0,-0.0001,0.2,0
12.51,force,-0.32,0.18632,0.045,10.023,10.0,-0.0,0.2,0
12.52,force,-0.318,0.18632,0.045,10.021,10.0,-0.0,0.2,0
12.53,force,-0.316,0.18632,0.04501,10.016,10.0,-0.0,0.2,0
12.54,force,-0.314,0.18632,0.045,9.935,10.0,0.0002,0.2,0
12.55,force,-0.312,0.18632,0.045,10.028,10.0,-0.0001,0.2,0
12.56,force,-0.31,0.18632,0.045,9.924,10.0,0.0002,0.2,0
12.57,force,-0.308,0.18632,0.045,9.956,10.0,0.0001,0.2,0
12.58,force,-0.306,0.18632,0.045,10.064,10.0,-0.0001,0.2,0
12.59,force,-0.304,0.18632,0.045,10.038,10.0,-0.0001,0.2,0
12.6,force,-0.302,0.18632,0.045,10.068,10.0,-0.0002,0.2,0
12.61,force,-0.3,0.18632,0.045,9.977,10.0,0.0001,0.2,0
12.62,force,-0.298,0.18632,0.045,9.935,10.0,0.0002,0.2,0
12.63,force,-0.296,0.18632,0.045,9.984,10.0,0.0001,0.2,0
12.64,force,-0.294,0.18632,0.045,10.002,10.0,0.0,0.2,0
12.65,force,-0.292,0.18632,0.045,10.001,10.0,0.0,0.2,0
12.66,force,-0.29,0.18632,0.045,10.054,10.0,-0.0001,0.2,0
12.67,force,-0.288,0.18632,0.045,9.977,10.0,0.0001,0.2,0
12.68,force,-0.286,0.18632,0.045,10.014,10.0,-0.0,0.2,0
12.69,force,-0.284,0.18632,0.045,9.946,10.0,0.0001,0.2,0
12.7,force,-0.282,0.18632,0.045,10.021,10.0,-0.0,0.2,0
12.71,force,-0.28,0.18632,0.045,9.998,10.0,0.0,0.2,0
12.72,force,-0.278,0.18632,0.045,9.961,10.0,0.0001,0.2,0
12.73,force,-0.276,0.18632,0.045,9.989,10.0,0.0,0.2,0
12.74,force,-0.274,0.18632,0.045,9.992,10.0,0.0,0.2,0
12.75,force,-0.272,0.18632,0.045,9.988,10.0,0.0,0.2,0
12.76,force,-0.27,0.18632,0.045,10.091,10.0,-0.0002,0.2,0
12.77,force,-0.268,0.18632,0.045,9.993,10.0,0.0,0.2,0
12.78,force,-0.266,0.18632,0.045,9.987,10.0,0.0,0.2,0
12.79,force,-0.264,0.18632,0.045,9.895,10.0,0.0003,0.2,0
12.8,force,-0.262,0.18632,0.045,9.961,10.0,0.0001,0.2,0
12.81,force,-0.26,0.18632,0.045,9.994,10.0,0.0,0.2,0
12.82,force,-0.258,0.18632,0.045,9.974,10.0,0.0001,0.2,0
12.83,force,-0.256,0.18632,0.045,10.079,10.0,-0.0002,0.2,0
12.84,force,-0.254,0.18632,0.045,9.998,10.0,0.0,0.2,0
12.85,force,-0.252,0.18632,0.045,10.071,10.0,-0.0002,0.2,0
12.86,force,-0.25,0.18632,0.045,10.006,10.0,-0.0,0.2,0
12.87,force,-0.248,0.18632,0.045,10.005,10.0,0.0,0.2,0
12.88,force,-0.246,0.18632,0.045,9.999,10.0,0.0,0.2,0
12.89,force,-0.244,0.18632,0.045,10.004,10.0,0.0,0.2,0
12.9,force,-0.242,0.18632,0.045,10.089,10.0,-0.0002,0.2,0
12.91,force,-0.24,0.18632,0.045,9.883,10.0,0.0003,0.2,0
12.92,force,-0.238,0.18632,0.04499,9.905,10.0,0.0003,0.2,0
12.93,force,-0.236,0.18632,0.04499,9.983,10.0,0.0001,0.2,0
12.94,force,-0.234,0.18632,0.04499,10.012,10.0,-0.0,0.2,0
12.95,force,-0.232,0.18632,0.045,10.046,10.0,-0.0001,0.2,0
12.96,force,-0.23,0.18632,0.045,10.033,10.0,-0.0001,0.2,0
12.97,force,-0.228,0.18632,0.045,9.989,10.0,0.0,0.2,0
12.98,force,-0.226,0.18632,0.045,10.06,10.0,-0.0001,0.2,0
12.99,force,-0.224,0.18632,0.045,10.057,10.0,-0.0001,0.2,0
13.0,force,-0.222,0.18632,0.045,10.012,10.0,-0.0,0.2,0
13.01,force,-0.22,0.18632,0.045,10.051,10.0,-0.0001,0.2,0
13.02,force,-0.218,0.18632,0.045,10.014,10.0,-0.0,0.2,0
13.03,force,-0.216,0.18632,0.045,9.972,10.0,0.0001,0.2,0
13.04,force,-0.214,0.18632,0.045,10.037,10.0,-0.0001,0.2,0
13.05,force,-0.212,0.18632,0.045,10.006,10.0,-0.0,0.2,0
13.06,force,-0.21,0.18632,0.045,10.0,10.0,0.0,0.2,0
13.07,force,-0.208,0.18632,0.045,10.074,10.0,-0.0002,0.2,0
13.08,force,-0.206,0.18632,0.045,9.874,10.0,0.0003,0.2,0
13.09,force,-0.204,0.18632,0.045,9.932,10.0,0.0002,0.2,0
13.1,force,-0.202,0.18632,0.045,9.948,10.0,0.0001,0.2,0
13.11,force,-0.2,0.18632,0.04499,9.992,10.0,0.0,0.2,0
13.12,force,-0.198,0.18632,0.04499,9.998,10.0,0.0,0.2,0
13.13,force,-0.196,0.18632,0.04499,9.935,10.0,0.0002,0.2,0
13.14,force,-0.194,0.18632,0.04499,9.965,10.0,0.0001,0.2,0
13.15,force,-0.192,0.18632,0.04499,9.973,10.0,0.0001,0.2,0
13.16,force,-0.19,0.18632,0.04499,10.141,10.0,-0.0003,0.2,0
13.17,force,-0.188,0.18632,0.045,10.101,10.0,-0.0002,0.2,0
13.18,force,-0.186,0.18632,0.045,9.986,10.0,0.0,0.2,0
13.19,force,-0.184,0.18632,0.045,9.989,10.0,0.0,0.2,0
13.2,force,-0.182,0.18632,0.04499,9.951,10.0,0.0001,0.2,0
13.21,force,-0.18,0.18632,0.04499,9.915,10.0,0.0002,0.2,0
13.22,force,-0.178,0.18632,0.04499,10.009,10.0,-0.0,0.2,0
13.23,force,-0.176,0.18632,0.04499,9.965,10.0,0.0001,0.2,0
13.24,force,-0.174,0.18632,0.04499,10.013,10.0,-0.0,0.2,0
13.25,force,-0.172,0.18632,0.04499,9.937,10.0,0.0002,0.2,0
13.26,force,-0.17,0.18632,0.04499,9.982,10.0,0.0001,0.2,0
13.27,force,-0.168,0.18632,0.04499,10.029,10.0,-0.0001,0.2,0
13.28,force,-0.166,0.18632,0.04499,10.039,10.0,-0.0001,0.2,0
13.29,force,-0.164,0.18632,0.04499,10.039,10.0,-0.0001,0.2,0
13.3,force,-0.162,0.18632,0.04499,9.951,10.0,0.0001,0.2,0
13.31,force,-0.16,0.18632,0.04499,10.062,10.0,-0.0001,0.2,0
13.32,force,-0.158,0.18632,0.04499,9.977,10.0,0.0001,0.2,0
13.33,force,-0.156,0.18632,0.04499,10.05,10.0,-0.0001,0.2,0
13.34,force,-0.154,0.18632,0.04499,10.015,10.0,-0.0,0.2,0
13.35,force,-0.152,0.18632,0.04499,9.947,10.0,0.0001,0.2,0
13.36,force,-0.15,0.18632,0.04499,10.003,10.0,0.0,0.2,0
13.37,force,-0.148,0.18632,0.04499,10.037,10.0,-0.0001,0.2,0
13.38,force,-0.146,0.18632,0.04499,10.048,10.0,-0.0001,0.2,0
13.39,force,-0.144,0.18632,0.04499,10.008,10.0,-0.0,0.2,0
13.4,force,-0.142,0.18632,0.04499,10.091,10.0,-0.0002,0.2,0
13.41,force,-0.14,0.18632,0.045,10.061,10.0,-0.0001,0.2,0
13.42,force,-0.138,0.18632,0.045,9.995,10.0,0.0,0.2,0
13.43,force,-0.136,0.18632,0.045,10.045,10.0,-0.0001,0.2,0
13.44,force,-0.134,0.18632,0.045,10.103,10.0,-0.0002,0.2,0
13.45,force,-0.132,0.18632,0.045,10.099,10.0,-0.0002,0.2,0
13.46,force,-0.13,0.18632,0.045,9.935,10.0,0.0002,0.2,0
13.47,force,-0.128,0.18632,0.045,9.953,10.0,0.0001,0.2,0
13.48,force,-0.126,0.18632,0.045,10.076,10.0,-0.0002,0.2,0
13.49,force,-0.124,0.18632,0.045,9.946,10.0,0.0001,0.2,0
13.5,force,-0.122,0.18632,0.045,9.935,10.0,0.0002,0.2,0
13.51,force,-0.12,0.18632,0.045,9.981,10.0,0.0001,0.2,0
13.52,force,-0.118,0.18632,0.045,10.027,10.0,-0.0001,0.2,0
13.53,force,-0.116,0.18632,0.045,10.0,10.0,0.0,0.2,0
13.54,force,-0.114,0.18632,0.045,9.973,10.0,0.0001,0.2,0
13.55,force,-0.112,0.18632,0.045,9.973,10.0,0.0001,0.2,0
13.56,force,-0.11,0.18632,0.045,9.973,10.0,0.0001,0.2,0
13.57,force,-0.108,0.18632,0.04499,9.966,10.0,0.0001,0.2,0
13.58,force,-0.106,0.18632,0.045,10.126,10.0,-0.0003,0.2,0
13.59,force,-0.104,0.18632,0.045,10.02,10.0,-0.0,0.2,0
13.6,force,-0.102,0.18632,0.045,10.049,10.0,-0.0001,0.2,0
13.61,force,-0.1,0.18632,0.045,9.978,10.0,0.0001,0.2,0
13.62,force,-0.098,0.18632,0.045,9.994,10.0,0.0,0.2,0
13.63,force,-0.096,0.18632,0.045,9.969,10.0,0.0001,0.2,0
13.64,force,-0.094,0.18632,0.04499,9.873,10.0,0.0003,0.2,0
13.65,force,-0.092,0.18632,0.04499,9.944,10.0,0.0002,0.2,0
13.66,force,-0.09,0.18632,0.04499,9.925,10.0,0.0002,0.2,0
13.67,force,-0.088,0.18632,0.04499,9.907,10.0,0.0002,0.2,0
13.68,force,-0.086,0.18632,0.04499,9.965,10.0,0.0001,0.2,0
13.69,force,-0.084,0.18632,0.04499,10.093,10.0,-0.0002,0.2,0
13.7,force,-0.082,0.18632,0.04499,10.02,10.0,-0.0,0.2,0
13.71,force,-0.08,0.18632,0.04499,10.086,10.0,-0.0002,0.2,0
13.72,force,-0.078,0.18632,0.04499,10.038,10.0,-0.0001,0.2,0
13.73,force,-0.076,0.18632,0.04499,10.055,10.0,-0.0001,0.2,0
13.74,force,-0.074,0.18632,0.04499,9.968,10.0,0.0001,0.2,0
13.75,force,-0.072,0.18632,0.04499,10.041,10.0,-0.0001,0.2,0
13.76,force,-0.07,0.18632,0.04499,10.05,10.0,-0.0001,0.2,0
13.77,force,-0.068,0.18632,0.04499,9.982,10.0,0.0001,0.2,0
13.78,force,-0.066,0.18632,0.04499,10.04,10.0,-0.0001,0.2,0
13.79,force,-0.064,0.18632,0.045,10.038,10.0,-0.0001,0.2,0
13.8,force,-0.062,0.18632,0.045,9.981,10.0,0.0001,0.2,0
13.81,force,-0.06,0.18632,0.04499,9.953,10.0,0.0001,0.2,0
13.82,force,-0.058,0.18632,0.04499,9.953,10.0,0.0001,0.2,0
13.83,force,-0.056,0.18632,0.04499,10.019,10.0,-0.0,0.2,0
13.84,force,-0.054,0.18632,0.04499,10.03,10.0,-0.0001,0.2,0
13.85,force,-0.052,0.18632,0.04499,9.973,10.0,0.0001,0.2,0
13.86,force,-0.05,0.18632,0.04499,10.015,10.0,-0.0,0.2,0
13.87,force,-0.048,0.18632,0.04499,10.042,10.0,-0.0001,0.2,0
13.88,force,-0.046,0.18632,0.045,10.043,10.0,-0.0001,0.2,0
13.89,force,-0.044,0.18632,0.045,10.087,10.0,-0.0002,0.2,0
13.9,force,-0.042,0.18632,0.045,10.069,10.0,-0.0002,0.2,0
13.91,force,-0.04,0.18632,0.045,9.952,10.0,0.0001,0.2,0
13.92,force,-0.038,0.18632,0.045,10.089,10.0,-0.0002,0.2,0
13.93,force,-0.036,0.18632,0.045,9.974,10.0,0.0001,0.2,0
13.94,force,-0.034,0.18632,0.045,10.054,10.0,-0.0001,0.2,0
13.95,force,-0.032,0.18632,0.045,10.003,10.0,0.0,0.2,0
13.96,force,-0.03,0.18632,0.045,9.979,10.0,0.0001,0.2,0
13.97,force,-0.028,0.18632,0.045,9.91,10.0,0.0002,0.2,0
13.98,force,-0.026,0.18632,0.045,9.997,10.0,0.0,0.2,0
13.99,force,-0.024,0.18632,0.045,9.928,10.0,0.0002,0.2,0
14.0,force,-0.022,0.18632,0.045,10.058,10.0,-0.0001,0.2,0
14.01,force,-0.02,0.18632,0.045,10.082,10.0,-0.0002,0.2,0
14.02,force,-0.018,0.18632,0.045,9.963,10.0,0.0001,0.2,0
14.03,force,-0.016,0.18632,0.045,10.02,10.0,-0.0,0.2,0
14.04,force,-0.014,0.18632,0.045,9.968,10.0,0.0001,0.2,0
14.05,force,-0.012,0.18632,0.045,9.974,10.0,0.0001,0.2,0
14.06,force,-0.01,0.18632,0.045,10.046,10.0,-0.0001,0.2,0
14.07,force,-0.008,0.18632,0.045,10.003,10.0,0.0,0.2,0
14.08,force,-0.006,0.18632,0.045,10.092,10.0,-0.0002,0.2,0
14.09,force,-0.004,0.18632,0.045,9.976,10.0,0.0001,0.2,0
14.1,force,-0.002,0.18632,0.045,10.052,10.0,-0.0001,0.2,0
14.11,force,0.0,0.18632,0.045,10.004,10.0,-0.0,0.2,0
14.12,force,0.002,0.18632,0.045,10.039,10.0,-0.0001,0.2,0
14.13,force,0.004,0.18632,0.045,9.975,10.0,0.0001,0.2,0
14.14,force,0.006,0.18632,0.045,9.996,10.0,0.0,0.2,0
14.15,force,0.008,0.18632,0.045,9.993,10.0,0.0,0.2,0
14.16,force,0.01,0.18632,0.045,9.958,10.0,0.0001,0.2,0
14.17,force,0.012,0.18632,0.045,10.035,10.0,-0.0001,0.2,0
14.18,force,0.014,0.18632,0.045,10.033,10.0,-0.0001,0.2,0
14.19,force,0.016,0.18632,0.045,10.028,10.0,-0.0001,0.2,0
14.2,force,0.018,0.18632,0.045,10.074,10.0,-0.0002,0.2,0
14.21,force,0.02,0.18632,0.045,10.066,10.0,-0.0002,0.2,0
14.22,force,0.022,0.18632,0.045,9.972,10.0,0.0001,0.2,0
14.23,force,0.024,0.18632,0.045,10.011,10.0,-0.0,0.2,0
14.24,force,0.026,0.18632,0.045,9.96,10.0,0.0001,0.2,0
14.25,force,0.028,0.18632,0.045,9.995,10.0,0.0,0.2,0
14.26,force,0.03,0.18632,0.045,9.964,10.0,0.0001,0.2,0
14.27,force,0.032,0.18632,0.045,10.077,10.0,-0.0002,0.2,0
14.28,force,0.034,0.18632,0.045,10.01,10.0,-0.0,0.2,0
14.29,force,0.036,0.18632,0.045,9.981,10.0,0.0001,0.2,0
14.3,force,0.038,0.18632,0.045,10.053,10.0,-0.0001,0.2,0
14.31,force,0.04,0.18632,0.045,9.882,10.0,0.0003,0.2,0
14.32,force,0.042,0.18632,0.045,9.896,10.0,0.0003,0.2,0
14.33,force,0.044,0.18632,0.045,10.041,10.0,-0.0001,0.2,0
14.34,force,0.046,0.18632,0.045,10.003,10.0,-0.0,0.2,0
14.35,force,0.048,0.18632,0.045,10.012,10.0,-0.0,0.2,0
14.36,force,0.05,0.18632,0.045,9.933,10.0,0.0002,0.2,0
14.37,force,0.052,0.18632,0.045,10.002,10.0,0.0,0.2,0
14.38,force,0.054,0.18632,0.045,10.103,10.0,-0.0003,0.2,0
14.39,force,0.056,0.18632,0.045,10.039,10.0,-0.0001,0.2,0
14.4,force,0.058,0.18632,0.045,10.004,10.0,-0.0,0.2,0
14.41,force,0.06,0.18632,0.045,9.974,10.0,0.0001,0.2,0
14.42,force,0.062,0.18632,0.045,9.977,10.0,0.0001,0.2,0
14.43,force,0.064,0.18632,0.045,9.892,10.0,0.0003,0.2,0
14.44,force,0.066,0.18632,0.045,10.017,10.0,-0.0,0.2,0
14.45,force,0.068,0.18632,0.045,10.046,10.0,-0.0001,0.2,0
14.46,force,0.07,0.18632,0.045,9.922,10.0,0.0002,0.2,0
14.47,force,0.072,0.18632,0.045,9.972,10.0,0.0001,0.2,0
14.48,force,0.074,0.18632,0.045,9.949,10.0,0.0001,0.2,0
14.49,force,0.076,0.18632,0.04499,9.961,10.0,0.0001,0.2,0
14.5,force,0.078,0.18632,0.04499,10.014,10.0,-0.0,0.2,0
14.51,force,0.08,0.18632,0.04499,9.907,10.0,0.0002,0.2,0
14.52,force,0.082,0.18632,0.04499,10.046,10.0,-0.0001,0.2,0
14.53,force,0.084,0.18632,0.04499,10.051,10.0,-0.0001,0.2,0
14.54,force,0.086,0.18632,0.04499,9.999,10.0,0.0,0.2,0
14.55,force,0.088,0.18632,0.04499,9.887,10.0,0.0003,0.2,0
14.56,force,0.09,0.18632,0.04499,9.967,10.0,0.0001,0.2,0
14.57,force,0.092,0.18632,0.04499,10.081,10.0,-0.0002,0.2,0
14.58,force,0.094,0.18632,0.04499,9.876,10.0,0.0003,0.2,0
14.59,force,0.096,0.18632,0.04499,10.004,10.0,-0.0,0.2,0
14.6,force,0.098,0.18632,0.04499,9.963,10.0,0.0001,0.2,0
14.61,force,0.1,0.18632,0.04499,10.064,10.0,-0.0002,0.2,0
14.62,force,0.102,0.18632,0.04499,9.987,10.0,0.0,0.2,0
14.63,force,0.104,0.18632,0.04499,10.042,10.0,-0.0001,0.2,0
14.64,force,0.106,0.18632,0.04499,10.048,10.0,-0.0001,0.2,0
14.65,force,0.108,0.18632,0.04499,10.109,10.0,-0.0003,0.2,0
14.66,force,0.11,0.18632,0.04499,10.002,10.0,0.0,0.2,0
14.67,force,0.112,0.18632,0.04499,10.031,10.0,-0.0001,0.2,0
14.68,force,0.114,0.18632,0.04499,9.936,10.0,0.0002,0.2,0
14.69,force,0.116,0.18632,0.04499,10.074,10.0,-0.0002,0.2,0
14.7,force,0.118,0.18632,0.04499,9.972,10.0,0.0001,0.2,0
14.71,force,0.12,0.18632,0.04499,9.984,10.0,0.0,0.2,0
14.72,force,0.122,0.18632,0.04499,10.012,10.0,-0.0,0.2,0
14.73,force,0.124,0.18632,0.04499,9.934,10.0,0.0002,0.2,0
14.74,force,0.126,0.18632,0.04499,10.027,10.0,-0.0001,0.2,0
14.75,force,0.128,0.18632,0.04499,10.063,10.0,-0.0002,0.2,0
14.76,force,0.13,0.18632,0.04499,10.026,10.0,-0.0001,0.2,0
14.77,force,0.132,0.18632,0.04499,9.931,10.0,0.0002,0.2,0
14.78,force,0.134,0.18632,0.04499,10.008,10.0,-0.0,0.2,0
14.79,force,0.136,0.18632,0.04499,10.051,10.0,-0.0001,0.2,0
14.8,force,0.138,0.18632,0.04499,9.918,10.0,0.0002,0.2,0
14.81,force,0.14,0.18632,0.04499,9.962,10.0,0.0001,0.2,0
14.82,force,0.142,0.18632,0.04499,10.062,10.0,-0.0001,0.2,0
14.83,force,0.144,0.18632,0.04499,10.028,10.0,-0.0001,0.2,0
14.84,force,0.146,0.18632,0.04499,10.034,10.0,-0.0001,0.2,0
14.85,force,0.148,0.18632,0.045,10.105,10.0,-0.0003,0.2,0
14.86,force,0.15,0.18632,0.045,10.03,10.0,-0.0001,0.2,0
14.87,force,0.152,0.18632,0.045,10.038,10.0,-0.0001,0.2,0
14.88,force,0.154,0.18632,0.045,10.139,10.0,-0.0003,0.2,0
14.89,force,0.156,0.18632,0.045,9.986,10.0,0.0,0.2,0
14.9,force,0.158,0.18632,0.045,9.958,10.0,0.0001,0.2,0
14.91,force,0.16,0.18632,0.045,10.021,10.0,-0.0,0.2,0
14.92,force,0.162,0.18632,0.045,10.021,10.0,-0.0,0.2,0
14.93,force,0.164,0.18632,0.045,9.972,10.0,0.0001,0.2,0
14.94,force,0.166,0.18632,0.045,9.948,10.0,0.0001,0.2,0
14.95,force,0.168,0.18632,0.045,10.118,10.0,-0.0003,0.2,0
14.96,force,0.17,0.18632,0.045,10.013,10.0,-0.0,0.2,0
14.97,force,0.172,0.18632,0.045,9.959,10.0,0.0001,0.2,0
14.98,force,0.174,0.18632,0.045,10.044,10.0,-0.0001,0.2,0
14.99,force,0.176,0.18632,0.045,9.99,10.0,0.0,0.2,0
15.0,force,0.178,0.18632,0.045,9.984,10.0,0.0,0.2,0
15.01,force,0.18,0.18632,0.045,10.025,10.0,-0.0001,0.2,0
15.02,force,0.182,0.18632,0.045,9.931,10.0,0.0002,0.2,0
15.03,force,0.184,0.18632,0.045,10.017,10.0,-0.0,0.2,0
15.04,force,0.186,0.18632,0.045,10.094,10.0,-0.0002,0.2,0
15.05,force,0.188,0.18632,0.045,10.017,10.0,-0.0,0.2,0
15.06,force,0.19,0.18632,0.045,9.974,10.0,0.0001,0.2,0
15.07,force,0.192,0.18632,0.045,9.969,10.0,0.0001,0.2,0
15.08,force,0.194,0.18632,0.045,9.976,10.0,0.0001,0.2,0
15.09,force,0.196,0.18632,0.045,9.985,10.0,0.0,0.2,0
15.1,force,0.198,0.18632,0.045,9.979,10.0,0.0001,0.2,0
15.11,force,0.2,0.18632,0.045,10.045,10.0,-0.0001,0.2,0
15.12,force,0.202,0.18632,0.045,9.911,10.0,0.0002,0.2,0
15.13,force,0.204,0.18632,0.045,10.045,10.0,-0.0001,0.2,0
15.14,force,0.206,0.18632,0.045,9.981,10.0,0.0001,0.2,0
15.15,force,0.208,0.18632,0.045,10.02,10.0,-0.0,0.2,0
15.16,force,0.21,0.18632,0.045,9.943,10.0,0.0001,0.2,0
15.17,force,0.212,0.18632,0.045,10.069,10.0,-0.0002,0.2,0
15.18,force,0.214,0.18632,0.045,10.062,10.0,-0.0002,0.2,0
15.19,force,0.216,0.18632,0.045,10.044,10.0,-0.0001,0.2,0
15.2,force,0.218,0.18632,0.045,9.918,10.0,0.0002,0.2,0
15.21,force,0.22,0.18632,0.045,10.04,10.0,-0.0001,0.2,0
15.22,force,0.222,0.18632,0.045,10.017,10.0,-0.0,0.2,0
15.23,force,0.224,0.18632,0.045,9.915,10.0,0.0002,0.2,0
15.24,force,0.226,0.18632,0.045,9.999,10.0,0.0,0.2,0
15.25,force,0.228,0.18632,0.045,10.018,10.0,-0.0,0.2,0
15.26,force,0.23,0.18632,0.045,10.027,10.0,-0.0001,0.2,0
15.27,force,0.232,0.18632,0.045,10.007,10.0,-0.0,0.2,0
15.28,force,0.234,0.18632,0.045,10.012,10.0,-0.0,0.2,0
15.29,force,0.236,0.18632,0.045,10.071,10.0,-0.0002,0.2,0
15.3,force,0.238,0.18632,0.045,10.055,10.0,-0.0001,0.2,0
15.31,force,0.24,0.18632,0.045,9.848,10.0,0.0004,0.2,0
15.32,force,0.242,0.18632,0.045,9.983,10.0,0.0,0.2,0
15.33,force,0.244,0.18632,0.045,9.991,10.0,0.0,0.2,0
15.34,force,0.246,0.18632,0.045,9.912,10.0,0.0002,0.2,0
15.35,force,0.248,0.18632,0.045,10.009,10.0,-0.0,0.2,0
15.36,force,0.25,0.18632,0.045,10.067,10.0,-0.0002,0.2,0
15.37,force,0.252,0.18632,0.045,9.947,10.0,0.0001,0.2,0
15.38,force,0.254,0.18632,0.045,10.021,10.0,-0.0,0.2,0
15.39,force,0.256,0.18632,0.045,9.957,10.0,0.0001,0.2,0
15.4,force,0.258,0.18632,0.045,9.971,10.0,0.0001,0.2,0
15.41,force,0.26,0.18632,0.045,10.08,10.0,-0.0002,0.2,0
15.42,force,0.262,0.18632,0.045,9.975,10.0,0.0001,0.2,0
15.43,force,0.264,0.18632,0.045,10.027,10.0,-0.0001,0.2,0
15.44,force,0.266,0.18632,0.045,9.909,10.0,0.0002,0.2,0
15.45,force,0.268,0.18632,0.045,10.1,10.0,-0.0002,0.2,0
15.46,force,0.27,0.18632,0.045,10.032,10.0,-0.0001,0.2,0
15.47,force,0.272,0.18632,0.045,9.992,10.0,0.0,0.2,0
15.48,force,0.274,0.18632,0.045,10.03,10.0,-0.0001,0.2,0
15.49,force,0.276,0.18632,0.045,9.929,10.0,0.0002,0.2,0
15.5,force,0.278,0.18632,0.045,10.063,10.0,-0.0002,0.2,0
15.51,force,0.28,0.18632,0.045,9.984,10.0,0.0,0.2,0
15.52,force,0.282,0.18632,0.045,9.991,10.0,0.0,0.2,0
15.53,force,0.284,0.18632,0.045,9.977,10.0,0.0001,0.2,0
15.54,force,0.286,0.18632,0.045,9.974,10.0,0.0001,0.2,0
15.55,force,0.288,0.18632,0.045,10.039,10.0,-0.0001,0.2,0
15.56,force,0.29,0.18632,0.045,10.015,10.0,-0.0,0.2,0
15.57,force,0.292,0.18632,0.045,10.034,10.0,-0.0001,0.2,0
15.58,force,0.294,0.18632,0.045,10.0,10.0,0.0,0.2,0
15.59,force,0.296,0.18632,0.045,10.026,10.0,-0.0001,0.2,0
15.6,force,0.298,0.18632,0.045,9.978,10.0,0.0001,0.2,0
15.61,force,0.3,0.18632,0.045,10.112,10.0,-0.0003,0.2,0
15.62,force,0.302,0.18632,0.045,9.916,10.0,0.0002,0.2,0
15.63,force,0.304,0.18632,0.045,10.062,10.0,-0.0002,0.2,0
15.64,force,0.306,0.18632,0.045,10.064,10.0,-0.0002,0.2,0
15.65,force,0.308,0.18632,0.045,9.95,10.0,0.0001,0.2,0
15.66,force,0.31,0.18632,0.04501,10.107,10.0,-0.0003,0.2,0
15.67,force,0.312,0.18632,0.04501,10.04,10.0,-0.0001,0.2,0
15.68,force,0.314,0.18632,0.04501,10.037,10.0,-0.0001,0.2,0
15.69,force,0.316,0.18632,0.04501,9.988,10.0,0.0,0.2,0
15.7,force,0.318,0.18632,0.04501,9.976,10.0,0.0001,0.2,0
15.71,force,0.32,0.18632,0.04501,9.978,10.0,0.0001,0.2,0
15.72,force,0.322,0.18632,0.04501,10.009,10.0,-0.0,0.2,0
15.73,force,0.324,0.18632,0.04501,10.059,10.0,-0.0001,0.2,0
15.74,force,0.326,0.18632,0.04501,9.995,10.0,0.0,0.2,0
15.75,force,0.328,0.18632,0.04501,9.941,10.0,0.0001,0.2,0
15.76,force,0.33,0.18632,0.04501,10.03,10.0,-0.0001,0.2,0
15.77,force,0.332,0.18632,0.04501,10.034,10.0,-0.0001,0.2,0
15.78,force,0.334,0.18632,0.04501,10.019,10.0,-0.0,0.2,0
15.79,force,0.336,0.18632,0.04501,10.022,10.0,-0.0001,0.2,0
15.8,force,0.338,0.18632,0.04501,9.97,10.0,0.0001,0.2,0
15.81,force,0.34,0.18632,0.04501,9.939,10.0,0.0002,0.2,0
15.82,force,0.342,0.18632,0.045,9.945,10.0,0.0001,0.2,0
15.83,force,0.344,0.18632,0.045,9.909,10.0,0.0002,0.2,0
15.84,force,0.346,0.18632,0.045,10.008,10.0,-0.0,0.2,0
15.85,force,0.348,0.18632,0.045,9.991,10.0,0.0,0.2,0
15.86,force,0.35,0.18632,0.045,9.974,10.0,0.0001,0.2,0
15.87,force,0.352,0.18632,0.045,9.85,10.0,0.0004,0.2,0
15.88,force,0.354,0.18632,0.045,9.943,10.0,0.0001,0.2,0
15.89,force,0.356,0.18632,0.045,10.064,10.0,-0.0002,0.2,0
15.9,force,0.358,0.18632,0.045,9.972,10.0,0.0001,0.2,0
15.91,force,0.36,0.18632,0.045,10.024,10.0,-0.0001,0.2,0
15.92,force,0.362,0.18632,0.045,9.936,10.0,0.0002,0.2,0
15.93,force,0.364,0.18632,0.045,10.08,10.0,-0.0002,0.2,0
15.94,force,0.366,0.18632,0.045,9.997,10.0,0.0,0.2,0
15.95,force,0.368,0.18632,0.045,10.019,10.0,-0.0,0.2,0
15.96,force,0.37,0.18632,0.045,10.12,10.0,-0.0003,0.2,0
15.97,force,0.372,0.18632,0.045,10.074,10.0,-0.0002,0.2,0
15.98,force,0.374,0.18632,0.045,9.979,10.0,0.0001,0.2,0
15.99,force,0.376,0.18632,0.045,9.966,10.0,0.0001,0.2,0
16.0,force,0.378,0.18632,0.045,9.981,10.0,0.0001,0.2,0
16.01,force,0.38,0.18632,0.045,10.024,10.0,-0.0001,0.2,0
16.02,force,0.382,0.18632,0.045,9.992,10.0,0.0,0.2,0
16.03,force,0.384,0.18632,0.045,9.978,10.0,0.0001,0.2,0
16.04,force,0.386,0.18632,0.045,10.072,10.0,-0.0002,0.2,0
16.05,force,0.388,0.18632,0.045,9.989,10.0,0.0,0.2,0
16.06,force,0.39,0.18632,0.045,10.111,10.0,-0.0003,0.2,0
16.07,force,0.392,0.18632,0.045,9.995,10.0,0.0,0.2,0
16.08,force,0.394,0.18632,0.04501,10.08,10.0,-0.0002,0.2,0
16.09,force,0.396,0.18632,0.04501,10.004,10.0,-0.0,0.2,0
16.1,force,0.398,0.18632,0.04501,10.034,10.0,-0.0001,0.2,0
16.11,force,0.4,0.18632,0.04501,9.948,10.0,0.0001,0.2,0
16.12,force,0.402,0.18632,0.04501,9.944,10.0,0.0001,0.2,0
16.13,force,0.404,0.18632,0.04501,10.013,10.0,-0.0,0.2,0
16.14,force,0.406,0.18632,0.04501,10.039,10.0,-0.0001,0.2,0
16.15,force,0.408,0.18632,0.04501,9.989,10.0,0.0,0.2,0
16.16,force,0.41,0.18632,0.045,9.924,10.0,0.0002,0.2,0
16.17,force,0.412,0.18632,0.045,9.924,10.0,0.0002,0.2,0
16.18,force,0.414,0.18632,0.045,9.924,10.0,0.0002,0.2,0
16.19,force,0.416,0.18632,0.045,9.911,10.0,0.0002,0.2,0
16.2,force,0.418,0.18632,0.045,10.009,10.0,-0.0,0.2,0
16.21,force,0.42,0.18632,0.045,10.06,10.0,-0.0001,0.2,0
16.22,force,0.422,0.18632,0.045,10.0,10.0,0.0,0.2,0
16.23,force,0.424,0.18632,0.045,9.888,10.0,0.0003,0.2,0
16.24,force,0.426,0.18632,0.045,9.997,10.0,0.0,0.2,0
16.25,force,0.428,0.18632,0.045,9.998,10.0,0.0,0.2,0
16.26,force,0.43,0.18632,0.045,10.112,10.0,-0.0003,0.2,0
16.27,force,0.432,0.18632,0.045,9.928,10.0,0.0002,0.2,0
16.28,force,0.434,0.18632,0.045,9.985,10.0,0.0,0.2,0
16.29,force,0.436,0.18632,0.045,10.091,10.0,-0.0002,0.2,0
16.3,force,0.438,0.18632,0.045,10.024,10.0,-0.0001,0.2,0
16.31,force,0.44,0.18632,0.045,10.028,10.0,-0.0001,0.2,0
16.32,force,0.442,0.18632,0.045,10.004,10.0,-0.0,0.2,0
16.33,force,0.444,0.18632,0.045,10.015,10.0,-0.0,0.2,0
16.34,force,0.446,0.18632,0.045,10.037,10.0,-0.0001,0.2,0
16.35,force,0.448,0.18632,0.045,9.956,10.0,0.0001,0.2,0
16.36,force,0.45,0.18632,0.045,10.042,10.0,-0.0001,0.2,0
16.37,force,0.452,0.18632,0.045,9.928,10.0,0.0002,0.2,0
16.38,force,0.454,0.18632,0.045,10.016,10.0,-0.0,0.2,0
16.39,force,0.456,0.18632,0.045,10.008,10.0,-0.0,0.2,0
16.4,force,0.45554,0.18827,0.045,9.968,10.0,0.0001,0.2,0
16.41,force,0.45508,0.19022,0.045,9.999,10.0,0.0,0.2,0
16.42,force,0.45463,0.19216,0.045,9.969,10.0,0.0001,0.2,0
16.43,force,0.45417,0.19411,0.045,9.949,10.0,0.0001,0.2,0
16.44,force,0.45371,0.19606,0.045,9.987,10.0,0.0,0.2,0
16.45,force,0.45325,0.198,0.045,9.95,10.0,0.0001,0.2,0
16.46,force,0.45279,0.19995,0.045,10.024,10.0,-0.0001,0.2,0
16.47,force,0.45234,0.2019,0.045,9.949,10.0,0.0001,0.2,0
16.48,force,0.45188,0.20384,0.045,10.045,10.0,-0.0001,0.2,0
16.49,force,0.45142,0.20579,0.04499,9.948,10.0,0.0001,0.2,0
16.5,force,0.45096,0.20774,0.04499,9.982,10.0,0.0001,0.2,0
16.51,force,0.4505,0.20968,0.04499,9.98,10.0,0.0001,0.2,0
16.52,force,0.45004,0.21163,0.045,10.078,10.0,-0.0002,0.2,0
16.53,force,0.44959,0.21358,0.045,10.025,10.0,-0.0001,0.2,0
16.54,force,0.44913,0.21552,0.045,9.997,10.0,0.0,0.2,0
16.55,force,0.44867,0.21747,0.045,10.032,10.0,-0.0001,0.2,0
16.56,force,0.44821,0.21942,0.04499,9.901,10.0,0.0003,0.2,0
16.57,force,0.44775,0.22136,0.04499,10.009,10.0,-0.0,0.2,0
16.58,force,0.4473,0.22331,0.045,10.11,10.0,-0.0003,0.2,0
16.59,force,0.44684,0.22526,0.045,10.012,10.0,-0.0,0.2,0
16.6,force,0.44638,0.2272,0.045,10.008,10.0,-0.0,0.2,0
16.61,force,0.44592,0.22915,0.045,10.032,10.0,-0.0001,0.2,0
16.62,force,0.44546,0.2311,0.045,10.048,10.0,-0.0001,0.2,0
16.63,force,0.44501,0.23305,0.045,9.901,10.0,0.0003,0.2,0
16.64,force,0.44455,0.23499,0.045,9.921,10.0,0.0002,0.2,0
16.65,force,0.44409,0.23694,0.045,10.02,10.0,-0.0,0.2,0
16.66,force,0.44363,0.23889,0.04499,9.973,10.0,0.0001,0.2,0
16.67,force,0.44317,0.24083,0.045,10.076,10.0,-0.0002,0.2,0
16.68,force,0.44272,0.24278,0.045,9.991,10.0,0.0,0.2,0
16.69,force,0.44226,0.24473,0.04499,9.91,10.0,0.0002,0.2,0
16.7,force,0.4418,0.24667,0.04499,9.948,10.0,0.0001,0.2,0
16.71,force,0.44134,0.24862,0.04499,9.877,10.0,0.0003,0.2,0
16.72,force,0.44088,0.25057,0.04499,10.009,10.0,-0.0,0.2,0
16.73,force,0.44043,0.25251,0.04499,10.011,10.0,-0.0,0.2,0
16.74,force,0.43997,0.25446,0.04499,9.998,10.0,0.0,0.2,0
16.75,force,0.43951,0.25641,0.04499,10.074,10.0,-0.0002,0.2,0
16.76,force,0.43905,0.25835,0.04499,10.076,10.0,-0.0002,0.2,0
16.77,force,0.43859,0.2603,0.04499,10.004,10.0,-0.0,0.2,0
16.78,force,0.43813,0.26225,0.04499,9.906,10.0,0.0002,0.2,0
16.79,force,0.43768,0.26419,0.04499,10.048,10.0,-0.0001,0.2,0
16.8,force,0.43722,0.26614,0.04499,10.043,10.0,-0.0001,0.2,0
16.81,force,0.43676,0.26809,0.04499,10.028,10.0,-0.0001,0.2,0
16.82,force,0.4363,0.27004,0.045,10.061,10.0,-0.0001,0.2,0
16.83,force,0.43584,0.27198,0.04499,9.95,10.0,0.0001,0.2,0
16.84,force,0.43384,0.27198,0.045,10.112,10.0,-0.0003,0.2,0
16.85,force,0.43184,0.27198,0.045,9.958,10.0,0.0001,0.2,0
16.86,force,0.42984,0.27198,0.045,10.045,10.0,-0.0001,0.2,0
16.87,force,0.42784,0.27198,0.045,9.921,10.0,0.0002,0.2,0
16.88,force,0.42584,0.27198,0.04499,9.963,10.0,0.0001,0.2,0
16.89,force,0.42384,0.27198,0.045,10.087,10.0,-0.0002,0.2,0
16.9,force,0.42184,0.27198,0.045,9.994,10.0,0.0,0.2,0
16.91,force,0.41984,0.27198,0.045,10.05,10.0,-0.0001,0.2,0
16.92,force,0.41784,0.27198,0.045,10.017,10.0,-0.0,0.2,0
16.93,force,0.41584,0.27198,0.045,9.999,10.0,0.0,0.2,0
16.94,force,0.41384,0.27198,0.045,10.073,10.0,-0.0002,0.2,0
16.95,force,0.41184,0.27198,0.045,9.989,10.0,0.0,0.2,0
16.96,force,0.40984,0.27198,0.045,9.912,10.0,0.0002,0.2,0
16.97,force,0.40784,0.27198,0.045,9.966,10.0,0.0001,0.2,0
16.98,force,0.40584,0.27198,0.045,10.035,10.0,-0.0001,0.2,0
16.99,force,0.40384,0.27198,0.045,10.026,10.0,-0.0001,0.2,0
17.0,force,0.40184,0.27198,0.045,9.926,10.0,0.0002,0.2,0
17.01,force,0.39984,0.27198,0.04499,9.972,10.0,0.0001,0.2,0
17.02,force,0.39784,0.27198,0.04499,9.981,10.0,0.0001,0.2,0
17.03,force,0.39584,0.27198,0.04499,9.993,10.0,0.0,0.2,0
17.04,force,0.39384,0.27198,0.04499,9.943,10.0,0.0001,0.2,0
17.05,force,0.39184,0.27198,0.04499,9.983,10.0,0.0,0.2,0
17.06,force,0.38984,0.27198,0.04499,9.979,10.0,0.0001,0.2,0
17.07,force,0.38784,0.27198,0.04499,10.055,10.0,-0.0001,0.2,0
17.08,force,0.38584,0.27198,0.04499,10.054,10.0,-0.0001,0.2,0
17.09,force,0.38384,0.27198,0.04499,10.004,10.0,-0.0,0.2,0
17.1,force,0.38184,0.27198,0.04499,9.992,10.0,0.0,0.2,0
17.11,force,0.37984,0.27198,0.04499,10.019,10.0,-0.0,0.2,0
17.12,force,0.37784,0.27198,0.04499,9.97,10.0,0.0001,0.2,0
17.13,force,0.37584,0.27198,0.04499,9.955,10.0,0.0001,0.2,0
17.14,force,0.37384,0.27198,0.04499,9.968,10.0,0.0001,0.2,0
17.15,force,0.37184,0.27198,0.04499,9.985,10.0,0.0,0.2,0
17.16,force,0.36984,0.27198,0.04499,9.959,10.0,0.0001,0.2,0
17.17,force,0.36784,0.27198,0.04499,10.028,10.0,-0.0001,0.2,0
17.18,force,0.36584,0.27198,0.04499,10.055,10.0,-0.0001,0.2,0
17.19,force,0.36384,0.27198,0.04499,9.936,10.0,0.0002,0.2,0
17.2,force,0.36184,0.27198,0.04499,10.02,10.0,-0.0,0.2,0
17.21,force,0.35984,0.27198,0.04499,10.007,10.0,-0.0,0.2,0
17.22,force,0.35784,0.27198,0.04499,10.035,10.0,-0.0001,0.2,0
17.23,force,0.35584,0.27198,0.04499,10.015,10.0,-0.0,0.2,0
17.24,force,0.35384,0.27198,0.04499,9.943,10.0,0.0001,0.2,0
17.25,force,0.35184,0.27198,0.04499,9.955,10.0,0.0001,0.2,0
17.26,force,0.34984,0.27198,0.04499,10.022,10.0,-0.0001,0.2,0
17.27,force,0.34784,0.27198,0.04499,10.071,10.0,-0.0002,0.2,0
17.28,force,0.34584,0.27198,0.04499,9.905,10.0,0.0002,0.2,0
17.29,force,0.34384,0.27198,0.04499,10.038,10.0,-0.0001,0.2,0
17.3,force,0.34184,0.27198,0.04499,10.079,10.0,-0.0002,0.2,0
17.31,force,0.33984,0.27198,0.04499,10.008,10.0,-0.0,0.2,0
17.32,force,0.33784,0.27198,0.04499,10.043,10.0,-0.0001,0.2,0
17.33,force,0.33584,0.27198,0.04499,9.978,10.0,0.0001,0.2,0
17.34,force,0.33384,0.27198,0.04499,10.008,10.0,-0.0,0.2,0
17.35,force,0.33184,0.27198,0.04499,9.933,10.0,0.0002,0.2,0
17.36,force,0.32984,0.27198,0.04499,9.9,10.0,0.0003,0.2,0
17.37,force,0.32784,0.27198,0.04499,10.07,10.0,-0.0002,0.2,0
17.38,force,0.32584,0.27198,0.04499,9.97,10.0,0.0001,0.2,0
17.39,force,0.32384,0.27198,0.04499,9.998,10.0,0.0,0.2,0
17.4,force,0.32184,0.27198,0.04499,9.952,10.0,0.0001,0.2,0
17.41,force,0.31984,0.27198,0.04499,9.953,10.0,0.0001,0.2,0
17.42,force,0.31784,0.27198,0.04499,10.017,10.0,-0.0,0.2,0
17.43,force,0.31584,0.27198,0.04499,9.989,10.0,0.0,0.2,0
17.44,force,0.31384,0.27198,0.04499,10.045,10.0,-0.0001,0.2,0
17.45,force,0.31184,0.27198,0.04499,10.046,10.0,-0.0001,0.2,0
17.46,force,0.30984,0.27198,0.04499,10.038,10.0,-0.0001,0.2,0
17.47,force,0.30784,0.27198,0.04499,10.032,10.0,-0.0001,0.2,0
17.48,force,0.30584,0.27198,0.04499,10.097,10.0,-0.0002,0.2,0
17.49,force,0.30384,0.27198,0.04499,9.96,10.0,0.0001,0.2,0
17.5,force,0.30184,0.27198,0.04499,10.013,10.0,-0.0,0.2,0
17.51,force,0.29984,0.27198,0.04499,10.072,10.0,-0.0002,0.2,0
17.52,force,0.29784,0.27198,0.045,10.075,10.0,-0.0002,0.2,0
17.53,force,0.29584,0.27198,0.04499,9.937,10.0,0.0002,0.2,0
17.54,force,0.29384,0.27198,0.04499,9.995,10.0,0.0,0.2,0
17.55,force,0.29184,0.27198,0.045,10.079,10.0,-0.0002,0.2,0
17.56,force,0.28984,0.27198,0.045,10.033,10.0,-0.0001,0.2,0
17.57,force,0.28784,0.27198,0.045,10.016,10.0,-0.0,0.2,0
17.58,force,0.28584,0.27198,0.045,9.994,10.0,0.0,0.2,0
17.59,force,0.28384,0.27198,0.045,9.986,10.0,0.0,0.2,0
17.6,force,0.28184,0.27198,0.045,10.02,10.0,-0.0,0.2,0
17.61,force,0.27984,0.27198,0.045,9.992,10.0,0.0,0.2,0
17.62,force,0.27784,0.27198,0.045,10.003,10.0,-0.0,0.2,0
17.63,force,0.27584,0.27198,0.045,10.009,10.0,-0.0,0.2,0
17.64,force,0.27384,0.27198,0.045,9.971,10.0,0.0001,0.2,0
17.65,force,0.27184,0.27198,0.045,10.033,10.0,-0.0001,0.2,0
17.66,force,0.26984,0.27198,0.045,10.151,10.0,-0.0004,0.2,0
17.67,force,0.26784,0.27198,0.045,9.908,10.0,0.0002,0.2,0
17.68,force,0.26584,0.27198,0.045,10.018,10.0,-0.0,0.2,0
17.69,force,0.26384,0.27198,0.045,9.963,10.0,0.0001,0.2,0
17.7,force,0.26184,0.27198,0.045,10.032,10.0,-0.0001,0.2,0
17.71,force,0.25984,0.27198,0.045,10.004,10.0,-0.0,0.2,0
17.72,force,0.25784,0.27198,0.045,10.039,10.0,-0.0001,0.2,0
17.73,force,0.25584,0.27198,0.045,10.058,10.0,-0.0001,0.2,0
17.74,force,0.25384,0.27198,0.045,10.006,10.0,-0.0,0.2,0
17.75,force,0.25184,0.27198,0.045,10.053,10.0,-0.0001,0.2,0
17.76,force,0.24984,0.27198,0.045,9.876,10.0,0.0003,0.2,0
17.77,force,0.24784,0.27198,0.045,10.079,10.0,-0.0002,0.2,0
17.78,force,0.24584,0.27198,0.045,10.014,10.0,-0.0,0.2,0
17.79,force,0.24384,0.27198,0.045,10.049,10.0,-0.0001,0.2,0
17.8,force,0.24184,0.27198,0.045,9.931,10.0,0.0002,0.2,0
17.81,force,0.23984,0.27198,0.045,9.954,10.0,0.0001,0.2,0
17.82,force,0.23784,0.27198,0.045,10.005,10.0,-0.0,0.2,0
17.83,force,0.23584,0.27198,0.045,9.997,10.0,0.0,0.2,0
17.84,force,0.23384,0.27198,0.045,10.012,10.0,-0.0,0.2,0
17.85,force,0.23184,0.27198,0.045,10.052,10.0,-0.0001,0.2,0
17.86,force,0.22984,0.27198,0.045,9.907,10.0,0.0002,0.2,0
17.87,force,0.22784,0.27198,0.045,10.048,10.0,-0.0001,0.2,0
17.88,force,0.22584,0.27198,0.045,9.998,10.0,0.0,0.2,0
17.89,force,0.22384,0.27198,0.045,9.987,10.0,0.0,0.2,0
17.9,force,0.22184,0.27198,0.045,9.924,10.0,0.0002,0.2,0
17.91,force,0.21984,0.27198,0.045,10.027,10.0,-0.0001,0.2,0
17.92,force,0.21784,0.27198,0.045,9.88,10.0,0.0003,0.2,0
17.93,force,0.21584,0.27198,0.045,10.039,10.0,-0.0001,0.2,0
17.94,force,0.21384,0.27198,0.045,9.93,10.0,0.0002,0.2,0
17.95,force,0.21184,0.27198,0.045,10.011,10.0,-0.0,0.2,0
17.96,force,0.20984,0.27198,0.045,10.002,10.0,-0.0,0.2,0
17.97,force,0.20784,0.27198,0.045,10.066,10.0,-0.0002,0.2,0
17.98,force,0.20584,0.27198,0.045,9.995,10.0,0.0,0.2,0
17.99,force,0.20384,0.27198,0.045,9.97,10.0,0.0001,0.2,0
18.0,force,0.20184,0.27198,0.045,9.981,10.0,0.0001,0.2,0
18.01,force,0.19984,0.27198,0.045,10.071,10.0,-0.0002,0.2,0
18.02,force,0.19784,0.27198,0.045,10.03,10.0,-0.0001,0.2,0
18.03,force,0.19584,0.27198,0.045,9.983,10.0,0.0,0.2,0
18.04,force,0.19384,0.27198,0.045,9.991,10.0,0.0,0.2,0
18.05,force,0.19184,0.27198,0.045,9.925,10.0,0.0002,0.2,0
18.06,force,0.18984,0.27198,0.045,10.027,10.0,-0.0001,0.2,0
18.07,force,0.18784,0.27198,0.04499,9.918,10.0,0.0002,0.2,0
18.08,force,0.18584,0.27198,0.045,10.048,10.0,-0.0001,0.2,0
18.09,force,0.18384,0.27198,0.045,10.014,10.0,-0.0,0.2,0
18.1,force,0.18184,0.27198,0.045,10.126,10.0,-0.0003,0.2,0
18.11,force,0.17984,0.27198,0.045,9.946,10.0,0.0001,0.2,0
18.12,force,0.17784,0.27198,0.045,9.998,10.0,0.0,0.2,0
18.13,force,0.17584,0.27198,0.045,10.093,10.0,-0.0002,0.2,0
18.14,force,0.17384,0.27198,0.045,10.058,10.0,-0.0001,0.2,0
18.15,force,0.17184,0.27198,0.045,9.961,10.0,0.0001,0.2,0
18.16,force,0.16984,0.27198,0.045,10.009,10.0,-0.0,0.2,0
18.17,force,0.16784,0.27198,0.045,9.998,10.0,0.0,0.2,0
18.18,force,0.16584,0.27198,0.045,10.012,10.0,-0.0,0.2,0
18.19,force,0.16384,0.27198,0.045,9.962,10.0,0.0001,0.2,0
18.2,force,0.16184,0.27198,0.045,9.994,10.0,0.0,0.2,0
18.21,force,0.15984,0.27198,0.045,9.919,10.0,0.0002,0.2,0
18.22,force,0.15784,0.27198,0.045,10.01,10.0,-0.0,0.2,0
18.23,force,0.15584,0.27198,0.045,10.025,10.0,-0.0001,0.2,0
18.24,force,0.15384,0.27198,0.045,9.99,10.0,0.0,0.2,0
18.25,force,0.15184,0.27198,0.045,9.921,10.0,0.0002,0.2,0
18.26,force,0.14984,0.27198,0.045,10.055,10.0,-0.0001,0.2,0
18.27,force,0.14784,0.27198,0.045,10.021,10.0,-0.0001,0.2,0
18.28,force,0.14584,0.27198,0.045,9.966,10.0,0.0001,0.2,0
18.29,force,0.14384,0.27198,0.045,9.99,10.0,0.0,0.2,0
18.3,force,0.14184,0.27198,0.045,9.929,10.0,0.0002,0.2,0
18.31,force,0.13984,0.27198,0.04499,9.957,10.0,0.0001,0.2,0
18.32,force,0.13784,0.27198,0.04499,9.983,10.0,0.0,0.2,0
18.33,force,0.13584,0.27198,0.045,10.073,10.0,-0.0002,0.2,0
18.34,force,0.13384,0.27198,0.045,9.976,10.0,0.0001,0.2,0
18.35,force,0.13184,0.27198,0.045,10.041,10.0,-0.0001,0.2,0
18.36,force,0.12984,0.27198,0.045,9.98,10.0,0.0001,0.2,0
18.37,force,0.12784,0.27198,0.045,10.02,10.0,-0.0,0.2,0
18.38,force,0.12584,0.27198,0.045,10.0,10.0,0.0,0.2,0
18.39,force,0.12384,0.27198,0.045,10.051,10.0,-0.0001,0.2,0
18.4,force,0.12184,0.27198,0.045,9.978,10.0,0.0001,0.2,0
18.41,force,0.11984,0.27198,0.045,9.927,10.0,0.0002,0.2,0
18.42,force,0.11784,0.27198,0.04499,9.94,10.0,0.0002,0.2,0
18.43,force,0.11584,0.27198,0.04499,9.986,10.0,0.0,0.2,0
18.44,force,0.11384,0.27198,0.04499,9.951,10.0,0.0001,0.2,0
18.45,force,0.11184,0.27198,0.04499,10.036,10.0,-0.0001,0.2,0
18.46,force,0.10984,0.27198,0.04499,9.991,10.0,0.0,0.2,0
18.47,force,0.10784,0.27198,0.045,10.133,10.0,-0.0003,0.2,0
18.48,force,0.10584,0.27198,0.04499,9.921,10.0,0.0002,0.2,0
18.49,force,0.10384,0.27198,0.04499,10.022,10.0,-0.0001,0.2,0
18.5,force,0.10184,0.27198,0.04499,9.954,10.0,0.0001,0.2,0
18.51,force,0.09984,0.27198,0.04499,9.988,10.0,0.0,0.2,0
18.52,force,0.09784,0.27198,0.04499,10.021,10.0,-0.0,0.2,0
18.53,force,0.09584,0.27198,0.04499,9.896,10.0,0.0003,0.2,0
18.54,force,0.09384,0.27198,0.04499,10.03,10.0,-0.0001,0.2,0
18.55,force,0.09184,0.27198,0.04499,10.112,10.0,-0.0003,0.2,0
18.56,force,0.08984,0.27198,0.04499,9.988,10.0,0.0,0.2,0
18.57,force,0.08784,0.27198,0.04499,10.025,10.0,-0.0001,0.2,0
18.58,force,0.08584,0.27198,0.045,10.062,10.0,-0.0002,0.2,0
18.59,force,0.08384,0.27198,0.045,9.999,10.0,0.0,0.2,0
18.6,force,0.08184,0.27198,0.045,9.978,10.0,0.0001,0.2,0
18.61,force,0.07984,0.27198,0.04499,9.895,10.0,0.0003,0.2,0
18.62,force,0.07784,0.27198,0.04499,10.046,10.0,-0.0001,0.2,0
18.63,force,0.07584,0.27198,0.04499,10.006,10.0,-0.0,0.2,0
18.64,force,0.07384,0.27198,0.04499,9.961,10.0,0.0001,0.2,0
18.65,force,0.07184,0.27198,0.04499,10.02,10.0,-0.0,0.2,0
18.66,force,0.06984,0.27198,0.04499,9.983,10.0,0.0,0.2,0
18.67,force,0.06784,0.27198,0.04499,9.987,10.0,0.0,0.2,0
18.68,force,0.06584,0.27198,0.04499,10.044,10.0,-0.0001,0.2,0
18.69,force,0.06384,0.27198,0.04499,9.945,10.0,0.0001,0.2,0
18.7,force,0.06184,0.27198,0.04499,10.067,10.0,-0.0002,0.2,0
18.71,force,0.05984,0.27198,0.04499,9.942,10.0,0.0001,0.2,0
18.72,force,0.05784,0.27198,0.04499,9.981,10.0,0.0,0.2,0
18.73,force,0.05584,0.27198,0.045,10.112,10.0,-0.0003,0.2,0
18.74,force,0.05384,0.27198,0.045,10.066,10.0,-0.0002,0.2,0
18.75,force,0.05184,0.27198,0.045,10.011,10.0,-0.0,0.2,0
18.76,force,0.04984,0.27198,0.045,9.959,10.0,0.0001,0.2,0
18.77,force,0.04784,0.27198,0.045,9.982,10.0,0.0,0.2,0
18.78,force,0.04584,0.27198,0.045,10.013,10.0,-0.0,0.2,0
18.79,force,0.04384,0.27198,0.045,10.01,10.0,-0.0,0.2,0
18.8,force,0.04184,0.27198,0.045,10.003,10.0,-0.0,0.2,0
18.81,force,0.03984,0.27198,0.045,10.006,10.0,-0.0,0.2,0
18.82,force,0.03784,0.27198,0.045,9.997,10.0,0.0,0.2,0
18.83,force,0.03584,0.27198,0.04499,9.936,10.0,0.0002,0.2,0
18.84,force,0.03384,0.27198,0.04499,9.985,10.0,0.0,0.2,0
18.85,force,0.03184,0.27198,0.045,10.058,10.0,-0.0001,0.2,0
18.86,force,0.02984,0.27198,0.04499,9.941,10.0,0.0002,0.2,0
18.87,force,0.02784,0.27198,0.04499,10.003,10.0,-0.0,0.2,0
18.88,force,0.02584,0.27198,0.04499,9.971,10.0,0.0001,0.2,0
18.89,force,0.02384,0.27198,0.04499,10.019,10.0,-0.0,0.2,0
18.9,force,0.02184,0.27198,0.04499,9.993,10.0,0.0,0.2,0
18.91,force,0.01984,0.27198,0.045,10.087,10.0,-0.0002,0.2,0
18.92,force,0.01784,0.27198,0.045,10.034,10.0,-0.0001,0.2,0
18.93,force,0.01584,0.27198,0.045,9.941,10.0,0.0001,0.2,0
18.94,force,0.01384,0.27198,0.045,10.043,10.0,-0.0001,0.2,0
18.95,force,0.01184,0.27198,0.045,9.969,10.0,0.0001,0.2,0
18.96,force,0.00984,0.27198,0.04499,9.98,10.0,0.0001,0.2,0
18.97,force,0.00784,0.27198,0.045,10.026,10.0,-0.0001,0.2,0
18.98,force,0.00584,0.27198,0.045,9.984,10.0,0.0,0.2,0
18.99,force,0.00384,0.27198,0.045,10.055,10.0,-0.0001,0.2,0
19.0,force,0.00184,0.27198,0.045,9.968,10.0,0.0001,0.2,0
19.01,force,-0.00016,0.27198,0.045,9.978,10.0,0.0001,0.2,0
19.02,force,-0.00216,0.27198,0.04499,9.977,10.0,0.0001,0.2,0
19.03,force,-0.00416,0.27198,0.04499,9.983,10.0,0.0,0.2,0
19.04,force,-0.00616,0.27198,0.045,10.067,10.0,-0.0002,0.2,0
19.05,force,-0.00816,0.27198,0.045,10.04,10.0,-0.0001,0.2,0
19.06,force,-0.01016,0.27198,0.045,10.092,10.0,-0.0002,0.2,0
19.07,force,-0.01216,0.27198,0.045,10.116,10.0,-0.0003,0.2,0
19.08,force,-0.01416,0.27198,0.045,9.945,10.0,0.0001,0.2,0
19.09,force,-0.01616,0.27198,0.045,10.003,10.0,-0.0,0.2,0
19.1,force,-0.01816,0.27198,0.045,9.94,10.0,0.0001,0.2,0
19.11,force,-0.02016,0.27198,0.045,9.963,10.0,0.0001,0.2,0
19.12,force,-0.02216,0.27198,0.045,9.972,10.0,0.0001,0.2,0
19.13,force,-0.02416,0.27198,0.045,9.952,10.0,0.0001,0.2,0
19.14,force,-0.02616,0.27198,0.045,9.955,10.0,0.0001,0.2,0
19.15,force,-0.02816,0.27198,0.045,10.003,10.0,-0.0,0.2,0
19.16,force,-0.03016,0.27198,0.04499,9.949,10.0,0.0001,0.2,0
19.17,force,-0.03216,0.27198,0.045,10.054,10.0,-0.0001,0.2,0
19.18,force,-0.03416,0.27198,0.04499,9.964,10.0,0.0001,0.2,0
19.19,force,-0.03616,0.27198,0.045,10.152,10.0,-0.0004,0.2,0
19.2,force,-0.03816,0.27198,0.045,9.981,10.0,0.0,0.2,0
19.21,force,-0.04016,0.27198,0.045,10.009,10.0,-0.0,0.2,0
19.22,force,-0.04216,0.27198,0.045,9.94,10.0,0.0002,0.2,0
19.23,force,-0.04416,0.27198,0.045,10.093,10.0,-0.0002,0.2,0
19.24,force,-0.04616,0.27198,0.045,10.059,10.0,-0.0001,0.2,0
19.25,force,-0.04816,0.27198,0.045,10.015,10.0,-0.0,0.2,0
19.26,force,-0.05016,0.27198,0.045,9.932,10.0,0.0002,0.2,0
19.27,force,-0.05216,0.27198,0.045,10.013,10.0,-0.0,0.2,0
19.28,force,-0.05416,0.27198,0.045,9.946,10.0,0.0001,0.2,0
19.29,force,-0.05616,0.27198,0.045,10.078,10.0,-0.0002,0.2,0
19.3,force,-0.05816,0.27198,0.045,10.041,10.0,-0.0001,0.2,0
19.31,force,-0.06016,0.27198,0.045,10.003,10.0,-0.0,0.2,0
19.32,force,-0.06216,0.27198,0.045,9.877,10.0,0.0003,0.2,0
19.33,force,-0.06416,0.27198,0.045,9.956,10.0,0.0001,0.2,0
19.34,force,-0.06616,0.27198,0.045,10.041,10.0,-0.0001,0.2,0
19.35,force,-0.06816,0.27198,0.045,10.066,10.0,-0.0002,0.2,0
19.36,force,-0.07016,0.27198,0.045,10.057,10.0,-0.0001,0.2,0
19.37,force,-0.07216,0.27198,0.045,9.919,10.0,0.0002,0.2,0
19.38,force,-0.07416,0.27198,0.045,10.018,10.0,-0.0,0.2,0
19.39,force,-0.07616,0.27198,0.045,10.053,10.0,-0.0001,0.2,0
19.4,force,-0.07816,0.27198,0.045,9.916,10.0,0.0002,0.2,0
19.41,force,-0.08016,0.27198,0.045,10.003,10.0,-0.0,0.2,0
19.42,force,-0.08216,0.27198,0.045,10.017,10.0,-0.0,0.2,0
19.43,force,-0.08416,0.27198,0.045,9.987,10.0,0.0,0.2,0
19.44,force,-0.08616,0.27198,0.045,9.911,10.0,0.0002,0.2,0
19.45,force,-0.08816,0.27198,0.045,9.991,10.0,0.0,0.2,0
19.46,force,-0.09016,0.27198,0.045,9.992,10.0,0.0,0.2,0
19.47,force,-0.09216,0.27198,0.045,10.001,10.0,-0.0,0.2,0
19.48,force,-0.09416,0.27198,0.045,9.98,10.0,0.0001,0.2,0
19.49,force,-0.09616,0.27198,0.04499,9.987,10.0,0.0,0.2,0
19.5,force,-0.09816,0.27198,0.045,10.008,10.0,-0.0,0.2,0
19.51,force,-0.10016,0.27198,0.045,10.032,10.0,-0.0001,0.2,0
19.52,force,-0.10216,0.27198,0.045,9.993,10.0,0.0,0.2,0
19.53,force,-0.10416,0.27198,0.045,9.988,10.0,0.0,0.2,0
19.54,force,-0.10616,0.27198,0.045,10.014,10.0,-0.0,0.2,0
19.55,force,-0.10816,0.27198,0.04499,9.913,10.0,0.0002,0.2,0
19.56,force,-0.11016,0.27198,0.04499,10.037,10.0,-0.0001,0.2,0
19.57,force,-0.11216,0.27198,0.04499,10.011,10.0,-0.0,0.2,0
19.58,force,-0.11416,0.27198,0.04499,10.013,10.0,-0.0,0.2,0
19.59,force,-0.11616,0.27198,0.045,10.058,10.0,-0.0001,0.2,0
19.6,force,-0.11816,0.27198,0.04499,9.91,10.0,0.0002,0.2,0
19.61,force,-0.12016,0.27198,0.04499,9.913,10.0,0.0002,0.2,0
19.62,force,-0.12216,0.27198,0.04499,10.03,10.0,-0.0001,0.2,0
19.63,force,-0.12416,0.27198,0.04499,10.014,10.0,-0.0,0.2,0
19.64,force,-0.12616,0.27198,0.04499,10.023,10.0,-0.0001,0.2,0
19.65,force,-0.12816,0.27198,0.04499,9.99,10.0,0.0,0.2,0
19.66,force,-0.13016,0.27198,0.04499,10.047,10.0,-0.0001,0.2,0
19.67,force,-0.13216,0.27198,0.045,10.058,10.0,-0.0001,0.2,0
19.68,force,-0.13416,0.27198,0.045,10.033,10.0,-0.0001,0.2,0
19.69,force,-0.13616,0.27198,0.045,9.994,10.0,0.0,0.2,0
19.7,force,-0.13816,0.27198,0.04499,9.902,10.0,0.0002,0.2,0
19.71,force,-0.14016,0.27198,0.045,10.05,10.0,-0.0001,0.2,0
19.72,force,-0.14216,0.27198,0.045,10.071,10.0,-0.0002,0.2,0
19.73,force,-0.14416,0.27198,0.045,10.038,10.0,-0.0001,0.2,0
19.74,force,-0.14616,0.27198,0.045,9.96,10.0,0.0001,0.2,0
19.75,force,-0.14816,0.27198,0.045,10.04,10.0,-0.0001,0.2,0
19.76,force,-0.15016,0.27198,0.045,10.047,10.0,-0.0001,0.2,0
19.77,force,-0.15216,0.27198,0.045,10.08,10.0,-0.0002,0.2,0
19.78,force,-0.15416,0.27198,0.045,9.954,10.0,0.0001,0.2,0
19.79,force,-0.15616,0.27198,0.045,9.989,10.0,0.0,0.2,0
19.8,force,-0.15816,0.27198,0.045,10.038,10.0,-0.0001,0.2,0
19.81,force,-0.16016,0.27198,0.045,10.002,10.0,-0.0,0.2,0
19.82,force,-0.16216,0.27198,0.045,9.943,10.0,0.0001,0.2,0
19.83,force,-0.16416,0.27198,0.045,10.022,10.0,-0.0001,0.2,0
19.84,force,-0.16616,0.27198,0.045,10.029,10.0,-0.0001,0.2,0
19.85,force,-0.16816,0.27198,0.045,10.003,10.0,-0.0,0.2,0
19.86,force,-0.17016,0.27198,0.045,10.01,10.0,-0.0,0.2,0
19.87,force,-0.17216,0.27198,0.045,9.985,10.0,0.0,0.2,0
19.88,force,-0.17416,0.27198,0.045,10.073,10.0,-0.0002,0.2,0
19.89,force,-0.17616,0.27198,0.045,9.95,10.0,0.0001,0.2,0
19.9,force,-0.17816,0.27198,0.045,9.968,10.0,0.0001,0.2,0
19.91,force,-0.18016,0.27198,0.045,10.0,10.0,-0.0,0.2,0
19.92,force,-0.18216,0.27198,0.045,10.043,10.0,-0.0001,0.2,0
19.93,force,-0.18416,0.27198,0.045,9.922,10.0,0.0002,0.2,0
19.94,force,-0.18616,0.27198,0.045,9.935,10.0,0.0002,0.2,0
19.95,force,-0.18816,0.27198,0.045,9.902,10.0,0.0002,0.2,0
19.96,force,-0.19016,0.27198,0.045,10.011,10.0,-0.0,0.2,0
19.97,force,-0.19216,0.27198,0.04499,9.953,10.0,0.0001,0.2,0
19.98,force,-0.19416,0.27198,0.04499,9.992,10.0,0.0,0.2,0
19.99,force,-0.19616,0.27198,0.045,10.045,10.0,-0.0001,0.2,0
20.0,force,-0.19816,0.27198,0.04499,9.977,10.0,0.0001,0.2,0
20.01,force,-0.20016,0.27198,0.045,10.022,10.0,-0.0001,0.2,0
20.02,force,-0.20216,0.27198,0.045,9.994,10.0,0.0,0.2,0
20.03,force,-0.20416,0.27198,0.045,10.043,10.0,-0.0001,0.2,0
20.04,force,-0.20616,0.27198,0.045,10.031,10.0,-0.0001,0.2,0
20.05,force,-0.20816,0.27198,0.045,9.971,10.0,0.0001,0.2,0
20.06,force,-0.21016,0.27198,0.045,9.999,10.0,0.0,0.2,0
20.07,force,-0.21216,0.27198,0.045,10.06,10.0,-0.0001,0.2,0
20.08,force,-0.21416,0.27198,0.045,10.024,10.0,-0.0001,0.2,0
20.09,force,-0.21616,0.27198,0.045,9.933,10.0,0.0002,0.2,0
20.1,force,-0.21816,0.27198,0.045,10.039,10.0,-0.0001,0.2,0
20.11,force,-0.22016,0.27198,0.045,9.95,10.0,0.0001,0.2,0
20.12,force,-0.22216,0.27198,0.045,10.078,10.0,-0.0002,0.2,0
20.13,force,-0.22416,0.27198,0.045,10.055,10.0,-0.0001,0.2,0
20.14,force,-0.22616,0.27198,0.045,10.015,10.0,-0.0,0.2,0
20.15,force,-0.22816,0.27198,0.045,10.008,10.0,-0.0,0.2,0
20.16,force,-0.23016,0.27198,0.045,9.989,10.0,0.0,0.2,0
20.17,force,-0.23216,0.27198,0.045,10.034,10.0,-0.0001,0.2,0
20.18,force,-0.23416,0.27198,0.045,9.98,10.0,0.0001,0.2,0
20.19,force,-0.23616,0.27198,0.045,10.011,10.0,-0.0,0.2,0
20.2,force,-0.23816,0.27198,0.045,10.042,10.0,-0.0001,0.2,0
20.21,force,-0.24016,0.27198,0.045,9.968,10.0,0.0001,0.2,0
20.22,force,-0.24216,0.27198,0.045,9.967,10.0,0.0001,0.2,0
20.23,force,-0.24416,0.27198,0.045,9.94,10.0,0.0002,0.2,0
20.24,force,-0.24616,0.27198,0.045,9.95,10.0,0.0001,0.2,0
20.25,force,-0.24816,0.27198,0.045,9.914,10.0,0.0002,0.2,0
20.26,force,-0.25016,0.27198,0.045,10.046,10.0,-0.0001,0.2,0
20.27,force,-0.25216,0.27198,0.045,10.098,10.0,-0.0002,0.2,0
20.28,force,-0.25416,0.27198,0.045,10.074,10.0,-0.0002,0.2,0
20.29,force,-0.25616,0.27198,0.045,9.917,10.0,0.0002,0.2,0
20.3,force,-0.25816,0.27198,0.045,10.039,10.0,-0.0001,0.2,0
20.31,force,-0.26016,0.27198,0.045,10.072,10.0,-0.0002,0.2,0
20.32,force,-0.26216,0.27198,0.045,9.974,10.0,0.0001,0.2,0
20.33,force,-0.26416,0.27198,0.045,10.004,10.0,-0.0,0.2,0
20.34,force,-0.26616,0.27198,0.045,9.898,10.0,0.0003,0.2,0
20.35,force,-0.26816,0.27198,0.045,10.017,10.0,-0.0,0.2,0
20.36,force,-0.27016,0.27198,0.045,9.949,10.0,0.0001,0.2,0
20.37,force,-0.27216,0.27198,0.045,10.015,10.0,-0.0,0.2,0
20.38,force,-0.27416,0.27198,0.045,9.926,10.0,0.0002,0.2,0
20.39,force,-0.27616,0.27198,0.045,10.035,10.0,-0.0001,0.2,0
20.4,force,-0.27816,0.27198,0.045,10.058,10.0,-0.0001,0.2,0
20.41,force,-0.28016,0.27198,0.045,9.964,10.0,0.0001,0.2,0
20.42,force,-0.28216,0.27198,0.045,9.948,10.0,0.0001,0.2,0
20.43,force,-0.28416,0.27198,0.04499,9.9,10.0,0.0003,0.2,0
20.44,force,-0.28616,0.27198,0.04499,10.0,10.0,0.0,0.2,0
20.45,force,-0.28816,0.27198,0.04499,9.984,10.0,0.0,0.2,0
20.46,force,-0.29016,0.27198,0.04499,9.936,10.0,0.0002,0.2,0
20.47,force,-0.29216,0.27198,0.04499,10.04,10.0,-0.0001,0.2,0
20.48,force,-0.29416,0.27198,0.04499,9.993,10.0,0.0,0.2,0
20.49,force,-0.29616,0.27198,0.04499,9.962,10.0,0.0001,0.2,0
20.5,force,-0.29816,0.27198,0.04499,9.99,10.0,0.0,0.2,0
20.51,force,-0.30016,0.27198,0.04499,10.072,10.0,-0.0002,0.2,0
20.52,force,-0.30216,0.27198,0.04499,10.045,10.0,-0.0001,0.2,0
20.53,force,-0.30416,0.27198,0.04499,10.006,10.0,-0.0,0.2,0
20.54,force,-0.30616,0.27198,0.045,10.043,10.0,-0.0001,0.2,0
20.55,force,-0.30816,0.27198,0.04499,9.952,10.0,0.0001,0.2,0
20.56,force,-0.31016,0.27198,0.04499,10.014,10.0,-0.0,0.2,0
20.57,force,-0.31216,0.27198,0.04499,10.019,10.0,-0.0,0.2,0
20.58,force,-0.31416,0.27198,0.04499,9.987,10.0,0.0,0.2,0
20.59,force,-0.31616,0.27198,0.045,10.033,10.0,-0.0001,0.2,0
20.6,force,-0.31816,0.27198,0.04499,9.971,10.0,0.0001,0.2,0
20.61,force,-0.32016,0.27198,0.045,10.037,10.0,-0.0001,0.2,0
20.62,force,-0.32216,0.27198,0.045,10.037,10.0,-0.0001,0.2,0
20.63,force,-0.32416,0.27198,0.04499,9.862,10.0,0.0003,0.2,0
20.64,force,-0.32616,0.27198,0.04499,10.074,10.0,-0.0002,0.2,0
20.65,force,-0.32816,0.27198,0.04499,9.859,10.0,0.0004,0.2,0
20.66,force,-0.33016,0.27198,0.04499,9.987,10.0,0.0,0.2,0
20.67,force,-0.33216,0.27198,0.04499,10.07,10.0,-0.0002,0.2,0
20.68,force,-0.33416,0.27198,0.04499,9.999,10.0,0.0,0.2,0
20.69,force,-0.33616,0.27198,0.04499,9.942,10.0,0.0001,0.2,0
20.7,force,-0.33816,0.27198,0.04499,9.964,10.0,0.0001,0.2,0
20.71,force,-0.34016,0.27198,0.04499,10.072,10.0,-0.0002,0.2,0
20.72,force,-0.34216,0.27198,0.04499,9.921,10.0,0.0002,0.2,0
20.73,force,-0.34416,0.27198,0.04499,10.077,10.0,-0.0002,0.2,0
20.74,force,-0.34616,0.27198,0.04499,10.014,10.0,-0.0,0.2,0
20.75,force,-0.34816,0.27198,0.04499,9.957,10.0,0.0001,0.2,0
20.76,force,-0.35016,0.27198,0.04499,9.989,10.0,0.0,0.2,0
20.77,force,-0.35216,0.27198,0.04499,9.968,10.0,0.0001,0.2,0
20.78,force,-0.35416,0.27198,0.04499,10.064,10.0,-0.0002,0.2,0
20.79,force,-0.35616,0.27198,0.04499,10.054,10.0,-0.0001,0.2,0
20.8,force,-0.35816,0.27198,0.04499,9.929,10.0,0.0002,0.2,0
20.81,force,-0.36016,0.27198,0.04499,9.998,10.0,0.0,0.2,0
20.82,force,-0.36216,0.27198,0.04499,9.976,10.0,0.0001,0.2,0
20.83,force,-0.36416,0.27198,0.04499,10.085,10.0,-0.0002,0.2,0
20.84,force,-0.36616,0.27198,0.04499,9.948,10.0,0.0001,0.2,0
20.85,force,-0.36816,0.27198,0.04499,10.099,10.0,-0.0002,0.2,0
20.86,force,-0.37016,0.27198,0.04499,10.012,10.0,-0.0,0.2,0
20.87,force,-0.37216,0.27198,0.04499,9.955,10.0,0.0001,0.2,0
20.88,force,-0.37416,0.27198,0.04499,9.981,10.0,0.0,0.2,0
20.89,force,-0.37616,0.27198,0.04499,9.976,10.0,0.0001,0.2,0
20.9,force,-0.37816,0.27198,0.04499,9.954,10.0,0.0001,0.2,0
20.91,force,-0.38016,0.27198,0.04499,10.025,10.0,-0.0001,0.2,0
20.92,force,-0.38216,0.27198,0.04499,9.957,10.0,0.0001,0.2,0
20.93,force,-0.38416,0.27198,0.04499,9.912,10.0,0.0002,0.2,0
20.94,force,-0.38616,0.27198,0.04499,10.006,10.0,-0.0,0.2,0
20.95,force,-0.38816,0.27198,0.04499,9.935,10.0,0.0002,0.2,0
20.96,force,-0.39016,0.27198,0.04499,9.991,10.0,0.0,0.2,0
20.97,force,-0.39216,0.27198,0.04499,9.984,10.0,0.0,0.2,0
20.98,force,-0.39416,0.27198,0.04498,9.986,10.0,0.0,0.2,0
20.99,force,-0.39616,0.27198,0.04499,10.131,10.0,-0.0003,0.2,0
21.0,force,-0.3953,0.27379,0.04499,10.027,10.0,-0.0001,0.2,0
21.01,force,-0.39445,0.2756,0.04499,10.035,10.0,-0.0001,0.2,0
21.02,force,-0.3936,0.27741,0.04499,9.932,10.0,0.0002,0.2,0
21.03,force,-0.39275,0.27922,0.04499,9.992,10.0,0.0,0.2,0
21.04,force,-0.3919,0.28103,0.04499,10.036,10.0,-0.0001,0.2,0
21.05,force,-0.39105,0.28284,0.04499,9.972,10.0,0.0001,0.2,0
21.06,force,-0.39019,0.28465,0.04499,10.07,10.0,-0.0002,0.2,0
21.07,force,-0.38934,0.28646,0.04499,9.961,10.0,0.0001,0.2,0
21.08,force,-0.38849,0.28827,0.04499,10.009,10.0,-0.0,0.2,0
21.09,force,-0.38764,0.29008,0.04499,9.994,10.0,0.0,0.2,0
21.1,force,-0.38679,0.29189,0.04499,10.032,10.0,-0.0001,0.2,0
21.11,force,-0.38594,0.2937,0.04499,9.99,10.0,0.0,0.2,0
21.12,force,-0.38508,0.29551,0.04499,10.009,10.0,-0.0,0.2,0
21.13,force,-0.38423,0.29732,0.04499,10.01,10.0,-0.0,0.2,0
21.14,force,-0.38338,0.29913,0.04499,9.985,10.0,0.0,0.2,0
21.15,force,-0.38253,0.30094,0.04499,10.047,10.0,-0.0001,0.2,0
21.16,force,-0.38168,0.30275,0.04499,10.032,10.0,-0.0001,0.2,0
21.17,force,-0.38083,0.30456,0.04499,10.014,10.0,-0.0,0.2,0
21.18,force,-0.37998,0.30637,0.04499,9.996,10.0,0.0,0.2,0
21.19,force,-0.37912,0.30817,0.04499,10.058,10.0,-0.0001,0.2,0
21.2,force,-0.37827,0.30998,0.04499,10.004,10.0,-0.0,0.2,0
21.21,force,-0.37742,0.31179,0.04499,10.0,10.0,0.0,0.2,0
21.22,force,-0.37657,0.3136,0.04499,10.02,10.0,-0.0,0.2,0
21.23,force,-0.37572,0.31541,0.045,10.099,10.0,-0.0002,0.2,0
21.24,force,-0.37487,0.31722,0.04499,9.942,10.0,0.0001,0.2,0
21.25,force,-0.37401,0.31903,0.045,10.051,10.0,-0.0001,0.2,0
21.26,force,-0.37316,0.32084,0.04499,9.915,10.0,0.0002,0.2,0
21.27,force,-0.37231,0.32265,0.04499,10.025,10.0,-0.0001,0.2,0
21.28,force,-0.37146,0.32446,0.045,10.092,10.0,-0.0002,0.2,0
21.29,force,-0.37061,0.32627,0.045,10.033,10.0,-0.0001,0.2,0
21.3,force,-0.36976,0.32808,0.045,10.015,10.0,-0.0,0.2,0
21.31,force,-0.3689,0.32989,0.045,9.978,10.0,0.0001,0.2,0
21.32,force,-0.36805,0.3317,0.045,10.008,10.0,-0.0,0.2,0
21.33,force,-0.3672,0.33351,0.045,9.994,10.0,0.0,0.2,0
21.34,force,-0.36635,0.33532,0.045,9.967,10.0,0.0001,0.2,0
21.35,force,-0.3655,0.33713,0.045,9.994,10.0,0.0,0.2,0
21.36,force,-0.36465,0.33894,0.045,10.019,10.0,-0.0,0.2,0
21.37,force,-0.36379,0.34075,0.045,9.969,10.0,0.0001,0.2,0
21.38,force,-0.36294,0.34256,0.04499,9.969,10.0,0.0001,0.2,0
21.39,force,-0.36209,0.34437,0.04499,9.943,10.0,0.0001,0.2,0
21.4,force,-0.36124,0.34618,0.04499,10.033,10.0,-0.0001,0.2,0
21.41,force,-0.36039,0.34799,0.04499,10.039,10.0,-0.0001,0.2,0
21.42,force,-0.35954,0.3498,0.045,10.022,10.0,-0.0001,0.2,0
21.43,force,-0.35869,0.35161,0.045,10.057,10.0,-0.0001,0.2,0
21.44,force,-0.35783,0.35342,0.045,10.011,10.0,-0.0,0.2,0
21.45,force,-0.35698,0.35523,0.045,10.025,10.0,-0.0001,0.2,0
21.46,force,-0.35613,0.35704,0.045,10.02,10.0,-0.0,0.2,0
21.47,force,-0.35413,0.35704,0.045,9.999,10.0,0.0,0.2,0
21.48,force,-0.35213,0.35704,0.045,9.977,10.0,0.0001,0.2,0
21.49,force,-0.35013,0.35704,0.045,10.115,10.0,-0.0003,0.2,0
21.5,force,-0.34813,0.35704,0.045,9.976,10.0,0.0001,0.2,0
21.51,force,-0.34613,0.35704,0.045,9.967,10.0,0.0001,0.2,0
21.52,force,-0.34413,0.35704,0.045,10.023,10.0,-0.0001,0.2,0
21.53,force,-0.34213,0.35704,0.045,10.013,10.0,-0.0,0.2,0
21.54,force,-0.34013,0.35704,0.045,9.93,10.0,0.0002,0.2,0
21.55,force,-0.33813,0.35704,0.045,10.059,10.0,-0.0001,0.2,0
21.56,force,-0.33613,0.35704,0.045,9.996,10.0,0.0,0.2,0
21.57,force,-0.33413,0.35704,0.045,9.945,10.0,0.0001,0.2,0
21.58,force,-0.33213,0.35704,0.045,10.063,10.0,-0.0002,0.2,0
21.59,force,-0.33013,0.35704,0.045,10.031,10.0,-0.0001,0.2,0
21.6,force,-0.32813,0.35704,0.045,9.935,10.0,0.0002,0.2,0
21.61,force,-0.32613,0.35704,0.045,10.091,10.0,-0.0002,0.2,0
21.62,force,-0.32413,0.35704,0.045,10.03,10.0,-0.0001,0.2,0
21.63,force,-0.32213,0.35704,0.045,9.995,10.0,0.0,0.2,0
21.64,force,-0.32013,0.35704,0.045,10.075,10.0,-0.0002,0.2,0
21.65,force,-0.31813,0.35704,0.045,10.0,10.0,-0.0,0.2,0
21.66,force,-0.31613,0.35704,0.045,9.99,10.0,0.0,0.2,0
21.67,force,-0.31413,0.35704,0.045,9.959,10.0,0.0001,0.2,0
21.68,force,-0.31213,0.35704,0.045,10.023,10.0,-0.0001,0.2,0
21.69,force,-0.31013,0.35704,0.045,10.017,10.0,-0.0,0.2,0
21.7,force,-0.30813,0.35704,0.045,9.993,10.0,0.0,0.2,0
21.71,force,-0.30613,0.35704,0.045,9.953,10.0,0.0001,0.2,0
21.72,force,-0.30413,0.35704,0.045,10.001,10.0,-0.0,0.2,0
21.73,force,-0.30213,0.35704,0.045,9.991,10.0,0.0,0.2,0
21.74,force,-0.30013,0.35704,0.045,9.928,10.0,0.0002,0.2,0
21.75,force,-0.29813,0.35704,0.045,9.925,10.0,0.0002,0.2,0
21.76,force,-0.29613,0.35704,0.045,10.031,10.0,-0.0001,0.2,0
21.77,force,-0.29413,0.35704,0.045,9.871,10.0,0.0003,0.2,0
21.78,force,-0.29213,0.35704,0.045,10.018,10.0,-0.0,0.2,0
21.79,force,-0.29013,0.35704,0.045,9.982,10.0,0.0,0.2,0
21.8,force,-0.28813,0.35704,0.045,10.073,10.0,-0.0002,0.2,0
21.81,force,-0.28613,0.35704,0.045,9.979,10.0,0.0001,0.2,0
21.82,force,-0.28413,0.35704,0.045,10.038,10.0,-0.0001,0.2,0
21.83,force,-0.28213,0.35704,0.045,9.983,10.0,0.0,0.2,0
21.84,force,-0.28013,0.35704,0.045,10.009,10.0,-0.0,0.2,0
21.85,force,-0.27813,0.35704,0.045,10.04,10.0,-0.0001,0.2,0
21.86,force,-0.27613,0.35704,0.045,9.978,10.0,0.0001,0.2,0
21.87,force,-0.27413,0.35704,0.045,10.052,10.0,-0.0001,0.2,0
21.88,force,-0.27213,0.35704,0.045,9.95,10.0,0.0001,0.2,0
21.89,force,-0.27013,0.35704,0.045,10.017,10.0,-0.0,0.2,0
21.9,force,-0.26813,0.35704,0.045,10.047,10.0,-0.0001,0.2,0
21.91,force,-0.26613,0.35704,0.045,10.032,10.0,-0.0001,0.2,0
21.92,force,-0.26413,0.35704,0.045,10.093,10.0,-0.0002,0.2,0
21.93,force,-0.26213,0.35704,0.045,9.954,10.0,0.0001,0.2,0
21.94,force,-0.26013,0.35704,0.045,9.926,10.0,0.0002,0.2,0
21.95,force,-0.25813,0.35704,0.045,9.949,10.0,0.0001,0.2,0
21.96,force,-0.25613,0.35704,0.045,10.034,10.0,-0.0001,0.2,0
21.97,force,-0.25413,0.35704,0.045,10.024,10.0,-0.0001,0.2,0
21.98,force,-0.25213,0.35704,0.045,10.003,10.0,-0.0,0.2,0
21.99,force,-0.25013,0.35704,0.045,9.942,10.0,0.0001,0.2,0
22.0,force,-0.24813,0.35704,0.045,10.039,10.0,-0.0001,0.2,0
22.01,force,-0.24613,0.35704,0.045,9.937,10.0,0.0002,0.2,0
22.02,force,-0.24413,0.35704,0.045,10.06,10.0,-0.0002,0.2,0
22.03,force,-0.24213,0.35704,0.045,10.142,10.0,-0.0004,0.2,0
22.04,force,-0.24013,0.35704,0.045,10.01,10.0,-0.0,0.2,0
22.05,force,-0.23813,0.35704,0.045,10.02,10.0,-0.0001,0.2,0
22.06,force,-0.23613,0.35704,0.045,9.965,10.0,0.0001,0.2,0
22.07,force,-0.23413,0.35704,0.045,9.901,10.0,0.0002,0.2,0
22.08,force,-0.23213,0.35704,0.045,9.966,10.0,0.0001,0.2,0
22.09,force,-0.23013,0.35704,0.045,9.944,10.0,0.0001,0.2,0
22.1,force,-0.22813,0.35704,0.045,9.929,10.0,0.0002,0.2,0
22.11,force,-0.22613,0.35704,0.045,10.091,10.0,-0.0002,0.2,0
22.12,force,-0.22413,0.35704,0.045,10.014,10.0,-0.0,0.2,0
22.13,force,-0.22213,0.35704,0.045,10.018,10.0,-0.0,0.2,0
22.14,force,-0.22013,0.35704,0.045,9.983,10.0,0.0,0.2,0
22.15,force,-0.21813,0.35704,0.045,9.991,10.0,0.0,0.2,0
22.16,force,-0.21613,0.35704,0.045,10.048,10.0,-0.0001,0.2,0
22.17,force,-0.21413,0.35704,0.045,9.996,10.0,0.0,0.2,0
22.18,force,-0.21213,0.35704,0.045,10.024,10.0,-0.0001,0.2,0
22.19,force,-0.21013,0.35704,0.045,9.986,10.0,0.0,0.2,0
22.2,force,-0.20813,0.35704,0.045,9.98,10.0,0.0,0.2,0
22.21,force,-0.20613,0.35704,0.045,9.928,10.0,0.0002,0.2,0
22.22,force,-0.20413,0.35704,0.045,9.903,10.0,0.0002,0.2,0
22.23,force,-0.20213,0.35704,0.045,9.993,10.0,0.0,0.2,0
22.24,force,-0.20013,0.35704,0.045,10.01,10.0,-0.0,0.2,0
22.25,force,-0.19813,0.35704,0.045,9.942,10.0,0.0001,0.2,0
22.26,force,-0.19613,0.35704,0.045,10.007,10.0,-0.0,0.2,0
22.27,force,-0.19413,0.35704,0.045,10.011,10.0,-0.0,0.2,0
22.28,force,-0.19213,0.35704,0.04499,9.9,10.0,0.0003,0.2,0
22.29,force,-0.19013,0.35704,0.04499,9.967,10.0,0.0001,0.2,0
22.3,force,-0.18813,0.35704,0.04499,10.035,10.0,-0.0001,0.2,0
22.31,force,-0.18613,0.35704,0.04499,10.033,10.0,-0.0001,0.2,0
22.32,force,-0.18413,0.35704,0.04499,9.954,10.0,0.0001,0.2,0
22.33,force,-0.18213,0.35704,0.04499,10.022,10.0,-0.0001,0.2,0
22.34,force,-0.18013,0.35704,0.045,10.064,10.0,-0.0002,0.2,0
22.35,force,-0.17813,0.35704,0.045,10.049,10.0,-0.0001,0.2,0
22.36,force,-0.17613,0.35704,0.045,10.002,10.0,-0.0,0.2,0
22.37,force,-0.17413,0.35704,0.045,9.984,10.0,0.0,0.2,0
22.38,force,-0.17213,0.35704,0.045,9.976,10.0,0.0001,0.2,0
22.39,force,-0.17013,0.35704,0.045,10.033,10.0,-0.0001,0.2,0
22.4,force,-0.16813,0.35704,0.045,10.017,10.0,-0.0,0.2,0
22.41,force,-0.16613,0.35704,0.045,10.038,10.0,-0.0001,0.2,0
22.42,force,-0.16413,0.35704,0.045,10.011,10.0,-0.0,0.2,0
22.43,force,-0.16213,0.35704,0.045,10.045,10.0,-0.0001,0.2,0
22.44,force,-0.16013,0.35704,0.045,10.007,10.0,-0.0,0.2,0
22.45,force,-0.15813,0.35704,0.045,10.041,10.0,-0.0001,0.2,0
22.46,force,-0.15613,0.35704,0.045,10.043,10.0,-0.0001,0.2,0
22.47,force,-0.15413,0.35704,0.045,9.957,10.0,0.0001,0.2,0
22.48,force,-0.15213,0.35704,0.045,9.909,10.0,0.0002,0.2,0
22.49,force,-0.15013,0.35704,0.045,10.081,10.0,-0.0002,0.2,0
22.5,force,-0.14813,0.35704,0.045,10.013,10.0,-0.0,0.2,0
22.51,force,-0.14613,0.35704,0.045,9.914,10.0,0.0002,0.2,0
22.52,force,-0.14413,0.35704,0.045,9.968,10.0,0.0001,0.2,0
22.53,force,-0.14213,0.35704,0.045,10.044,10.0,-0.0001,0.2,0
22.54,force,-0.14013,0.35704,0.045,9.989,10.0,0.0,0.2,0
22.55,force,-0.13813,0.35704,0.045,9.978,10.0,0.0001,0.2,0
22.56,force,-0.13613,0.35704,0.045,10.075,10.0,-0.0002,0.2,0
22.57,force,-0.13413,0.35704,0.045,9.949,10.0,0.0001,0.2,0
22.58,force,-0.13213,0.35704,0.045,9.964,10.0,0.0001,0.2,0
22.59,force,-0.13013,0.35704,0.045,10.016,10.0,-0.0,0.2,0
22.6,force,-0.12813,0.35704,0.045,10.024,10.0,-0.0001,0.2,0
22.61,force,-0.12613,0.35704,0.045,10.028,10.0,-0.0001,0.2,0
22.62,force,-0.12413,0.35704,0.045,10.047,10.0,-0.0001,0.2,0
22.63,force,-0.12213,0.35704,0.045,10.009,10.0,-0.0,0.2,0
22.64,force,-0.12013,0.35704,0.045,10.023,10.0,-0.0001,0.2,0
22.65,force,-0.11813,0.35704,0.045,9.985,10.0,0.0,0.2,0
22.66,force,-0.11613,0.35704,0.045,10.002,10.0,-0.0,0.2,0
22.67,force,-0.11413,0.35704,0.045,10.004,10.0,-0.0,0.2,0
22.68,force,-0.11213,0.35704,0.045,10.009,10.0,-0.0,0.2,0
22.69,force,-0.11013,0.35704,0.045,10.036,10.0,-0.0001,0.2,0
22.7,force,-0.10813,0.35704,0.045,10.024,10.0,-0.0001,0.2,0
22.71,force,-0.10613,0.35704,0.045,9.997,10.0,0.0,0.2,0
22.72,force,-0.10413,0.35704,0.045,9.954,10.0,0.0001,0.2,0
22.73,force,-0.10213,0.35704,0.045,10.0,10.0,-0.0,0.2,0
22.74,force,-0.10013,0.35704,0.045,9.996,10.0,0.0,0.2,0
22.75,force,-0.09813,0.35704,0.045,10.007,10.0,-0.0,0.2,0
22.76,force,-0.09613,0.35704,0.045,10.107,10.0,-0.0003,0.2,0
22.77,force,-0.09413,0.35704,0.045,9.965,10.0,0.0001,0.2,0
22.78,force,-0.09213,0.35704,0.045,10.014,10.0,-0.0,0.2,0
22.79,force,-0.09013,0.35704,0.04501,10.046,10.0,-0.0001,0.2,0
22.8,force,-0.08813,0.35704,0.045,9.995,10.0,0.0,0.2,0
22.81,force,-0.08613,0.35704,0.04501,10.107,10.0,-0.0003,0.2,0
22.82,force,-0.08413,0.35704,0.04501,9.966,10.0,0.0001,0.2,0
22.83,force,-0.08213,0.35704,0.04501,10.003,10.0,-0.0,0.2,0
22.84,force,-0.08013,0.35704,0.04501,9.946,10.0,0.0001,0.2,0
22.85,force,-0.07813,0.35704,0.045,9.971,10.0,0.0001,0.2,0
22.86,force,-0.07613,0.35704,0.04501,10.003,10.0,-0.0,0.2,0
22.87,force,-0.07413,0.35704,0.04501,10.032,10.0,-0.0001,0.2,0
22.88,force,-0.07213,0.35704,0.04501,10.004,10.0,-0.0,0.2,0
22.89,force,-0.07013,0.35704,0.04501,10.051,10.0,-0.0001,0.2,0
22.9,force,-0.06813,0.35704,0.04501,9.981,10.0,0.0,0.2,0
22.91,force,-0.06613,0.35704,0.04501,9.97,10.0,0.0001,0.2,0
22.92,force,-0.06413,0.35704,0.04501,10.123,10.0,-0.0003,0.2,0
22.93,force,-0.06213,0.35704,0.04501,10.001,10.0,-0.0,0.2,0
22.94,force,-0.06013,0.35704,0.04501,9.945,10.0,0.0001,0.2,0
22.95,force,-0.05813,0.35704,0.04501,9.949,10.0,0.0001,0.2,0
22.96,force,-0.05613,0.35704,0.04501,9.939,10.0,0.0001,0.2,0
22.97,force,-0.05413,0.35704,0.04501,10.036,10.0,-0.0001,0.2,0
22.98,force,-0.05213,0.35704,0.04501,9.969,10.0,0.0001,0.2,0
22.99,force,-0.05013,0.35704,0.04501,9.995,10.0,0.0,0.2,0
23.0,force,-0.04813,0.35704,0.04501,9.986,10.0,0.0,0.2,0
23.01,force,-0.04613,0.35704,0.04501,10.026,10.0,-0.0001,0.2,0
23.02,force,-0.04413,0.35704,0.045,9.946,10.0,0.0001,0.2,0
23.03,force,-0.04213,0.35704,0.045,9.937,10.0,0.0002,0.2,0
23.04,force,-0.04013,0.35704,0.045,10.005,10.0,-0.0,0.2,0
23.05,force,-0.03813,0.35704,0.045,10.024,10.0,-0.0001,0.2,0
23.06,force,-0.03613,0.35704,0.045,10.009,10.0,-0.0,0.2,0
23.07,force,-0.03413,0.35704,0.045,9.952,10.0,0.0001,0.2,0
23.08,force,-0.03213,0.35704,0.045,10.028,10.0,-0.0001,0.2,0
23.09,force,-0.03013,0.35704,0.045,9.956,10.0,0.0001,0.2,0
23.1,force,-0.02813,0.35704,0.045,9.969,10.0,0.0001,0.2,0
23.11,force,-0.02613,0.35704,0.045,9.95,10.0,0.0001,0.2,0
23.12,force,-0.02413,0.35704,0.045,10.064,10.0,-0.0002,0.2,0
23.13,force,-0.02213,0.35704,0.045,10.028,10.0,-0.0001,0.2,0
23.14,force,-0.02013,0.35704,0.045,10.025,10.0,-0.0001,0.2,0
23.15,force,-0.01813,0.35704,0.045,10.056,10.0,-0.0001,0.2,0
23.16,force,-0.01613,0.35704,0.04501,10.131,10.0,-0.0003,0.2,0
23.17,force,-0.01413,0.35704,0.04501,9.898,10.0,0.0003,0.2,0
23.18,force,-0.01213,0.35704,0.045,9.952,10.0,0.0001,0.2,0
23.19,force,-0.01013,0.35704,0.045,9.96,10.0,0.0001,0.2,0
23.2,force,-0.00813,0.35704,0.045,9.951,10.0,0.0001,0.2,0
23.21,force,-0.00613,0.35704,0.045,9.942,10.0,0.0001,0.2,0
23.22,force,-0.00413,0.35704,0.045,9.984,10.0,0.0,0.2,0
23.23,force,-0.00213,0.35704,0.045,9.939,10.0,0.0002,0.2,0
23.24,force,-0.00013,0.35704,0.045,10.019,10.0,-0.0,0.2,0
23.25,force,0.00187,0.35704,0.045,10.004,10.0,-0.0,0.2,0
23.26,force,0.00387,0.35704,0.045,10.025,10.0,-0.0001,0.2,0
23.27,force,0.00587,0.35704,0.045,10.025,10.0,-0.0001,0.2,0
23.28,force,0.00787,0.35704,0.045,10.029,10.0,-0.0001,0.2,0
23.29,force,0.00987,0.35704,0.045,9.979,10.0,0.0001,0.2,0
23.3,force,0.01187,0.35704,0.045,10.104,10.0,-0.0003,0.2,0
23.31,force,0.01387,0.35704,0.045,10.005,10.0,-0.0,0.2,0
23.32,force,0.01587,0.35704,0.045,9.9,10.0,0.0003,0.2,0
23.33,force,0.01787,0.35704,0.045,9.948,10.0,0.0001,0.2,0
23.34,force,0.01987,0.35704,0.045,9.913,10.0,0.0002,0.2,0
23.35,force,0.02187,0.35704,0.045,10.006,10.0,-0.0,0.2,0
23.36,force,0.02387,0.35704,0.045,9.998,10.0,0.0,0.2,0
23.37,force,0.02587,0.35704,0.045,9.981,10.0,0.0,0.2,0
23.38,force,0.02787,0.35704,0.045,10.106,10.0,-0.0003,0.2,0
23.39,force,0.02987,0.35704,0.045,10.028,10.0,-0.0001,0.2,0
23.4,force,0.03187,0.35704,0.045,10.035,10.0,-0.0001,0.2,0
23.41,force,0.03387,0.35704,0.045,9.95,10.0,0.0001,0.2,0
23.42,force,0.03587,0.35704,0.045,9.95,10.0,0.0001,0.2,0
23.43,force,0.03787,0.35704,0.045,10.004,10.0,-0.0,0.2,0
23.44,force,0.03987,0.35704,0.045,10.01,10.0,-0.0,0.2,0
23.45,force,0.04187,0.35704,0.045,9.908,10.0,0.0002,0.2,0
23.46,force,0.04387,0.35704,0.045,9.997,10.0,0.0,0.2,0
23.47,force,0.04587,0.35704,0.045,10.007,10.0,-0.0,0.2,0
23.48,force,0.04787,0.35704,0.045,9.995,10.0,0.0,0.2,0
23.49,force,0.04987,0.35704,0.045,9.965,10.0,0.0001,0.2,0
23.5,force,0.05187,0.35704,0.045,9.981,10.0,0.0,0.2,0
23.51,force,0.05387,0.35704,0.045,10.0,10.0,0.0,0.2,0
23.52,force,0.05587,0.35704,0.045,10.013,10.0,-0.0,0.2,0
23.53,force,0.05787,0.35704,0.045,10.038,10.0,-0.0001,0.2,0
23.54,force,0.05987,0.35704,0.045,10.06,10.0,-0.0002,0.2,0
23.55,force,0.06187,0.35704,0.045,9.989,10.0,0.0,0.2,0
23.56,force,0.06387,0.35704,0.045,9.981,10.0,0.0,0.2,0
23.57,force,0.06587,0.35704,0.045,10.027,10.0,-0.0001,0.2,0
23.58,force,0.06787,0.35704,0.045,10.034,10.0,-0.0001,0.2,0
23.59,force,0.06987,0.35704,0.045,9.98,10.0,0.0001,0.2,0
23.6,force,0.07187,0.35704,0.045,10.042,10.0,-0.0001,0.2,0
23.61,force,0.07387,0.35704,0.045,10.05,10.0,-0.0001,0.2,0
23.62,force,0.07587,0.35704,0.045,10.063,10.0,-0.0002,0.2,0
23.63,force,0.07787,0.35704,0.045,10.084,10.0,-0.0002,0.2,0
23.64,force,0.07987,0.35704,0.045,9.947,10.0,0.0001,0.2,0
23.65,force,0.08187,0.35704,0.045,9.994,10.0,0.0,0.2,0
23.66,force,0.08387,0.35704,0.045,9.994,10.0,0.0,0.2,0
23.67,force,0.08587,0.35704,0.045,9.989,10.0,0.0,0.2,0
23.68,force,0.08787,0.35704,0.045,9.962,10.0,0.0001,0.2,0
23.69,force,0.08987,0.35704,0.045,9.922,10.0,0.0002,0.2,0
23.7,force,0.09187,0.35704,0.045,10.005,10.0,-0.0,0.2,0
23.71,force,0.09387,0.35704,0.045,9.961,10.0,0.0001,0.2,0
23.72,force,0.09587,0.35704,0.045,10.006,10.0,-0.0,0.2,0
23.73,force,0.09787,0.35704,0.045,9.962,10.0,0.0001,0.2,0
23.74,force,0.09987,0.35704,0.045,9.948,10.0,0.0001,0.2,0
23.75,force,0.10187,0.35704,0.045,10.018,10.0,-0.0,0.2,0
23.76,force,0.10387,0.35704,0.045,10.013,10.0,-0.0,0.2,0
23.77,force,0.10587,0.35704,0.045,10.033,10.0,-0.0001,0.2,0
23.78,force,0.10787,0.35704,0.045,10.112,10.0,-0.0003,0.2,0
23.79,force,0.10987,0.35704,0.045,10.011,10.0,-0.0,0.2,0
23.8,force,0.11187,0.35704,0.045,10.021,10.0,-0.0001,0.2,0
23.81,force,0.11387,0.35704,0.045,9.942,10.0,0.0001,0.2,0
23.82,force,0.11587,0.35704,0.045,9.934,10.0,0.0002,0.2,0
23.83,force,0.11787,0.35704,0.045,10.081,10.0,-0.0002,0.2,0
23.84,force,0.11987,0.35704,0.045,9.952,10.0,0.0001,0.2,0
23.85,force,0.12187,0.35704,0.045,9.948,10.0,0.0001,0.2,0
23.86,force,0.12387,0.35704,0.045,10.001,10.0,-0.0,0.2,0
23.87,force,0.12587,0.35704,0.045,9.998,10.0,0.0,0.2,0
23.88,force,0.12787,0.35704,0.045,9.958,10.0,0.0001,0.2,0
23.89,force,0.12987,0.35704,0.045,9.99,10.0,0.0,0.2,0
23.9,force,0.13187,0.35704,0.045,10.067,10.0,-0.0002,0.2,0
23.91,force,0.13387,0.35704,0.045,9.962,10.0,0.0001,0.2,0
23.92,force,0.13587,0.35704,0.045,9.934,10.0,0.0002,0.2,0
23.93,force,0.13787,0.35704,0.045,10.054,10.0,-0.0001,0.2,0
23.94,force,0.13987,0.35704,0.045,10.029,10.0,-0.0001,0.2,0
23.95,force,0.14187,0.35704,0.045,9.972,10.0,0.0001,0.2,0
23.96,force,0.14387,0.35704,0.045,9.925,10.0,0.0002,0.2,0
23.97,force,0.14587,0.35704,0.045,9.971,10.0,0.0001,0.2,0
23.98,force,0.14787,0.35704,0.045,10.007,10.0,-0.0,0.2,0
23.99,force,0.14987,0.35704,0.045,10.068,10.0,-0.0002,0.2,0
24.0,force,0.15187,0.35704,0.045,9.954,10.0,0.0001,0.2,0
24.01,force,0.15387,0.35704,0.045,10.004,10.0,-0.0,0.2,0
24.02,force,0.15587,0.35704,0.045,10.042,10.0,-0.0001,0.2,0
24.03,force,0.15787,0.35704,0.04499,9.887,10.0,0.0003,0.2,0
24.04,force,0.15987,0.35704,0.045,10.064,10.0,-0.0002,0.2,0
24.05,force,0.16187,0.35704,0.04499,9.95,10.0,0.0001,0.2,0
24.06,force,0.16387,0.35704,0.045,10.028,10.0,-0.0001,0.2,0
24.07,force,0.16587,0.35704,0.045,10.022,10.0,-0.0001,0.2,0
24.08,force,0.16787,0.35704,0.045,10.063,10.0,-0.0002,0.2,0
24.09,force,0.16987,0.35704,0.045,10.033,10.0,-0.0001,0.2,0
24.1,force,0.17187,0.35704,0.045,9.885,10.0,0.0003,0.2,0
24.11,force,0.17387,0.35704,0.04499,9.971,10.0,0.0001,0.2,0
24.12,force,0.17587,0.35704,0.04499,10.018,10.0,-0.0,0.2,0
24.13,force,0.17787,0.35704,0.04499,10.001,10.0,-0.0,0.2,0
24.14,force,0.17987,0.35704,0.045,10.034,10.0,-0.0001,0.2,0
24.15,force,0.18187,0.35704,0.045,10.048,10.0,-0.0001,0.2,0
24.16,force,0.18387,0.35704,0.045,10.037,10.0,-0.0001,0.2,0
24.17,force,0.18587,0.35704,0.045,9.994,10.0,0.0,0.2,0
24.18,force,0.18787,0.35704,0.045,9.912,10.0,0.0002,0.2,0
24.19,force,0.18987,0.35704,0.045,9.986,10.0,0.0,0.2,0
24.2,force,0.19187,0.35704,0.045,10.031,10.0,-0.0001,0.2,0
24.21,force,0.19387,0.35704,0.04499,9.954,10.0,0.0001,0.2,0
24.22,force,0.19587,0.35704,0.045,10.042,10.0,-0.0001,0.2,0
24.23,force,0.19787,0.35704,0.045,10.054,10.0,-0.0001,0.2,0
24.24,force,0.19987,0.35704,0.045,10.012,10.0,-0.0,0.2,0
24.25,force,0.20187,0.35704,0.04499,9.852,10.0,0.0004,0.2,0
24.26,force,0.20387,0.35704,0.04499,9.949,10.0,0.0001,0.2,0
24.27,force,0.20587,0.35704,0.045,10.11,10.0,-0.0003,0.2,0
24.28,force,0.20787,0.35704,0.04499,9.983,10.0,0.0,0.2,0
24.29,force,0.20987,0.35704,0.04499,9.912,10.0,0.0002,0.2,0
24.3,force,0.21187,0.35704,0.04499,10.077,10.0,-0.0002,0.2,0
24.31,force,0.21387,0.35704,0.04499,10.012,10.0,-0.0,0.2,0
24.32,force,0.21587,0.35704,0.045,10.066,10.0,-0.0002,0.2,0
24.33,force,0.21787,0.35704,0.045,10.021,10.0,-0.0001,0.2,0
24.34,force,0.21987,0.35704,0.045,10.029,10.0,-0.0001,0.2,0
24.35,force,0.22187,0.35704,0.045,10.023,10.0,-0.0001,0.2,0
24.36,force,0.22387,0.35704,0.045,10.039,10.0,-0.0001,0.2,0
24.37,force,0.22587,0.35704,0.045,10.116,10.0,-0.0003,0.2,0
24.38,force,0.22787,0.35704,0.045,10.045,10.0,-0.0001,0.2,0
24.39,force,0.22987,0.35704,0.045,9.915,10.0,0.0002,0.2,0
24.4,force,0.23187,0.35704,0.045,10.02,10.0,-0.0001,0.2,0
24.41,force,0.23387,0.35704,0.045,10.054,10.0,-0.0001,0.2,0
24.42,force,0.23587,0.35704,0.045,10.054,10.0,-0.0001,0.2,0
24.43,force,0.23787,0.35704,0.045,9.97,10.0,0.0001,0.2,0
24.44,force,0.23987,0.35704,0.045,10.051,10.0,-0.0001,0.2,0
24.45,force,0.24187,0.35704,0.04501,10.037,10.0,-0.0001,0.2,0
24.46,force,0.24387,0.35704,0.04501,10.117,10.0,-0.0003,0.2,0
24.47,force,0.24587,0.35704,0.04501,9.945,10.0,0.0001,0.2,0
24.48,force,0.24787,0.35704,0.04501,9.96,10.0,0.0001,0.2,0
24.49,force,0.24987,0.35704,0.04501,9.972,10.0,0.0001,0.2,0
24.5,force,0.25187,0.35704,0.045,9.964,10.0,0.0001,0.2,0
24.51,force,0.25387,0.35704,0.045,9.946,10.0,0.0001,0.2,0
24.52,force,0.25587,0.35704,0.045,9.855,10.0,0.0004,0.2,0
24.53,force,0.25787,0.35704,0.045,9.978,10.0,0.0001,0.2,0
24.54,force,0.25987,0.35704,0.045,10.02,10.0,-0.0,0.2,0
24.55,force,0.26187,0.35704,0.045,9.976,10.0,0.0001,0.2,0
24.56,force,0.26387,0.35704,0.045,10.098,10.0,-0.0002,0.2,0
24.57,force,0.26587,0.35704,0.045,9.997,10.0,0.0,0.2,0
24.58,force,0.26787,0.35704,0.045,10.061,10.0,-0.0002,0.2,0
24.59,force,0.26987,0.35704,0.045,10.007,10.0,-0.0,0.2,0
24.6,force,0.27187,0.35704,0.045,10.035,10.0,-0.0001,0.2,0
24.61,force,0.27387,0.35704,0.045,10.005,10.0,-0.0,0.2,0
24.62,force,0.27587,0.35704,0.04501,10.06,10.0,-0.0002,0.2,0
24.63,force,0.27787,0.35704,0.04501,9.991,10.0,0.0,0.2,0
24.64,force,0.27987,0.35704,0.04501,10.013,10.0,-0.0,0.2,0
24.65,force,0.28187,0.35704,0.04501,10.006,10.0,-0.0,0.2,0
24.66,force,0.28387,0.35704,0.04501,9.973,10.0,0.0001,0.2,0
24.67,force,0.28587,0.35704,0.04501,10.009,10.0,-0.0,0.2,0
24.68,force,0.28787,0.35704,0.04501,10.1,10.0,-0.0003,0.2,0
24.69,force,0.28987,0.35704,0.04501,9.97,10.0,0.0001,0.2,0
24.7,force,0.29187,0.35704,0.04501,10.006,10.0,-0.0,0.2,0
24.71,force,0.29387,0.35704,0.04501,10.047,10.0,-0.0001,0.2,0
24.72,force,0.29587,0.35704,0.04501,10.039,10.0,-0.0001,0.2,0
24.73,force,0.29787,0.35704,0.04501,9.98,10.0,0.0,0.2,0
24.74,force,0.29987,0.35704,0.04501,9.862,10.0,0.0003,0.2,0
24.75,force,0.30187,0.35704,0.04501,10.013,10.0,-0.0,0.2,0
24.76,force,0.30387,0.35704,0.045,9.876,10.0,0.0003,0.2,0
24.77,force,0.30587,0.35704,0.04501,10.067,10.0,-0.0002,0.2,0
24.78,force,0.30787,0.35704,0.04501,9.998,10.0,0.0,0.2,0
24.79,force,0.30987,0.35704,0.04501,10.04,10.0,-0.0001,0.2,0
24.8,force,0.31187,0.35704,0.045,9.943,10.0,0.0001,0.2,0
24.81,force,0.31387,0.35704,0.045,9.913,10.0,0.0002,0.2,0
24.82,force,0.31587,0.35704,0.045,10.008,10.0,-0.0,0.2,0
24.83,force,0.31787,0.35704,0.045,9.993,10.0,0.0,0.2,0
24.84,force,0.31987,0.35704,0.045,9.97,10.0,0.0001,0.2,0
24.85,force,0.32187,0.35704,0.045,10.0,10.0,-0.0,0.2,0
24.86,force,0.32387,0.35704,0.04501,10.135,10.0,-0.0003,0.2,0
24.87,force,0.32587,0.35704,0.04501,10.031,10.0,-0.0001,0.2,0
24.88,force,0.32787,0.35704,0.04501,10.04,10.0,-0.0001,0.2,0
24.89,force,0.32987,0.35704,0.04501,10.028,10.0,-0.0001,0.2,0
24.9,force,0.33187,0.35704,0.04501,10.058,10.0,-0.0001,0.2,0
24.91,force,0.33387,0.35704,0.04501,9.972,10.0,0.0001,0.2,0
24.92,force,0.33587,0.35704,0.04501,9.88,10.0,0.0003,0.2,0
24.93,force,0.33787,0.35704,0.04501,9.979,10.0,0.0001,0.2,0
24.94,force,0.33987,0.35704,0.04501,10.03,10.0,-0.0001,0.2,0
24.95,force,0.34187,0.35704,0.045,9.94,10.0,0.0001,0.2,0
24.96,force,0.34387,0.35704,0.045,9.982,10.0,0.0,0.2,0
24.97,force,0.34587,0.35704,0.045,9.957,10.0,0.0001,0.2,0
24.98,force,0.34787,0.35704,0.045,10.069,10.0,-0.0002,0.2,0
24.99,force,0.34987,0.35704,0.04501,10.028,10.0,-0.0001,0.2,0
25.0,force,0.35187,0.35704,0.04501,10.022,10.0,-0.0001,0.2,0
25.01,force,0.35387,0.35704,0.04501,10.019,10.0,-0.0001,0.2,0
25.02,force,0.35587,0.35704,0.04501,9.985,10.0,0.0,0.2,0
25.03,force,0.35787,0.35704,0.04501,9.997,10.0,0.0,0.2,0
25.04,force,0.35987,0.35704,0.045,9.928,10.0,0.0002,0.2,0
25.05,force,0.36187,0.35704,0.045,9.882,10.0,0.0003,0.2,0
25.06,force,0.36387,0.35704,0.045,10.005,10.0,-0.0,0.2,0
25.07,force,0.36587,0.35704,0.045,10.013,10.0,-0.0,0.2,0
25.08,force,0.36787,0.35704,0.045,10.057,10.0,-0.0001,0.2,0
25.09,force,0.36987,0.35704,0.04501,10.072,10.0,-0.0002,0.2,0
25.1,force,0.37187,0.35704,0.04501,10.068,10.0,-0.0002,0.2,0
25.11,force,0.37387,0.35704,0.04501,9.936,10.0,0.0002,0.2,0
25.12,force,0.37587,0.35704,0.045,9.972,10.0,0.0001,0.2,0
25.13,force,0.37787,0.35704,0.04501,10.015,10.0,-0.0,0.2,0
25.14,force,0.37987,0.35704,0.04501,10.117,10.0,-0.0003,0.2,0
25.15,force,0.38187,0.35704,0.04501,10.058,10.0,-0.0001,0.2,0
25.16,force,0.38387,0.35704,0.04501,10.037,10.0,-0.0001,0.2,0
25.17,force,0.38587,0.35704,0.04501,9.96,10.0,0.0001,0.2,0
25.18,force,0.38787,0.35704,0.04501,9.937,10.0,0.0002,0.2,0
25.19,force,0.38624,0.35819,0.04501,10.024,10.0,-0.0001,0.2,0
25.2,force,0.38461,0.35935,0.04501,9.928,10.0,0.0002,0.2,0
25.21,force,0.38297,0.3605,0.04501,9.975,10.0,0.0001,0.2,0
25.22,force,0.38134,0.36166,0.04501,9.982,10.0,0.0,0.2,0
25.23,force,0.37971,0.36282,0.04501,10.068,10.0,-0.0002,0.2,0
25.24,force,0.37808,0.36397,0.04501,9.967,10.0,0.0001,0.2,0
25.25,force,0.37645,0.36513,0.045,9.865,10.0,0.0003,0.2,0
25.26,force,0.37481,0.36628,0.045,10.019,10.0,-0.0,0.2,0
25.27,force,0.37318,0.36744,0.045,9.958,10.0,0.0001,0.2,0
25.28,force,0.37155,0.3686,0.045,9.997,10.0,0.0,0.2,0
25.29,force,0.36992,0.36975,0.045,9.99,10.0,0.0,0.2,0
25.3,force,0.36828,0.37091,0.045,9.982,10.0,0.0,0.2,0
25.31,force,0.36665,0.37206,0.045,10.036,10.0,-0.0001,0.2,0
25.32,force,0.36502,0.37322,0.045,9.918,10.0,0.0002,0.2,0
25.33,force,0.36339,0.37438,0.045,9.973,10.0,0.0001,0.2,0
25.34,force,0.36176,0.37553,0.045,10.034,10.0,-0.0001,0.2,0
25.35,force,0.36012,0.37669,0.045,9.967,10.0,0.0001,0.2,0
25.36,force,0.35849,0.37784,0.045,9.919,10.0,0.0002,0.2,0
25.37,force,0.35686,0.379,0.045,10.037,10.0,-0.0001,0.2,0
25.38,force,0.35523,0.38016,0.045,10.058,10.0,-0.0001,0.2,0
25.39,force,0.3536,0.38131,0.045,9.997,10.0,0.0,0.2,0
25.4,force,0.35196,0.38247,0.045,9.901,10.0,0.0002,0.2,0
25.41,force,0.35033,0.38362,0.045,10.039,10.0,-0.0001,0.2,0
25.42,force,0.3487,0.38478,0.045,9.919,10.0,0.0002,0.2,0
25.43,force,0.34707,0.38594,0.045,10.022,10.0,-0.0001,0.2,0
25.44,force,0.34544,0.38709,0.045,9.961,10.0,0.0001,0.2,0
25.45,force,0.3438,0.38825,0.045,9.949,10.0,0.0001,0.2,0
25.46,force,0.34217,0.3894,0.04499,9.988,10.0,0.0,0.2,0
25.47,force,0.34054,0.39056,0.04499,10.001,10.0,-0.0,0.2,0
25.48,force,0.33891,0.39172,0.04499,9.978,10.0,0.0001,0.2,0
25.49,force,0.33728,0.39287,0.045,10.041,10.0,-0.0001,0.2,0
25.5,force,0.33564,0.39403,0.04499,9.987,10.0,0.0,0.2,0
25.51,force,0.33401,0.39518,0.045,10.059,10.0,-0.0001,0.2,0
25.52,force,0.33238,0.39634,0.045,10.021,10.0,-0.0001,0.2,0
25.53,force,0.33075,0.3975,0.045,9.971,10.0,0.0001,0.2,0
25.54,force,0.32912,0.39865,0.045,9.964,10.0,0.0001,0.2,0
25.55,force,0.32748,0.39981,0.04499,9.927,10.0,0.0002,0.2,0
25.56,force,0.32585,0.40096,0.04499,10.028,10.0,-0.0001,0.2,0
25.57,force,0.32422,0.40212,0.04499,9.994,10.0,0.0,0.2,0
25.58,force,0.32259,0.40328,0.04499,9.894,10.0,0.0003,0.2,0
25.59,force,0.32096,0.40443,0.04499,9.991,10.0,0.0,0.2,0
25.6,force,0.31932,0.40559,0.04499,9.973,10.0,0.0001,0.2,0
25.61,force,0.31769,0.40674,0.04499,10.098,10.0,-0.0002,0.2,0
25.62,force,0.31606,0.4079,0.04499,9.93,10.0,0.0002,0.2,0
25.63,force,0.31443,0.40906,0.04499,9.946,10.0,0.0001,0.2,0
25.64,force,0.3128,0.41021,0.04499,10.077,10.0,-0.0002,0.2,0
25.65,force,0.31116,0.41137,0.04499,10.085,10.0,-0.0002,0.2,0
25.66,force,0.30953,0.41252,0.04499,9.976,10.0,0.0001,0.2,0
25.67,force,0.3079,0.41368,0.04499,9.983,10.0,0.0,0.2,0
25.68,force,0.30627,0.41484,0.04499,10.046,10.0,-0.0001,0.2,0
25.69,force,0.30463,0.41599,0.04499,9.897,10.0,0.0003,0.2,0
25.7,force,0.303,0.41715,0.04499,9.925,10.0,0.0002,0.2,0
25.71,force,0.30137,0.4183,0.04499,10.008,10.0,-0.0,0.2,0
25.72,force,0.29974,0.41946,0.04499,10.099,10.0,-0.0002,0.2,0
25.73,force,0.29811,0.42062,0.04499,9.995,10.0,0.0,0.2,0
25.74,force,0.29647,0.42177,0.04499,10.022,10.0,-0.0001,0.2,0
25.75,force,0.29484,0.42293,0.04499,10.073,10.0,-0.0002,0.2,0
25.76,force,0.29321,0.42409,0.045,10.118,10.0,-0.0003,0.2,0
25.77,force,0.29158,0.42524,0.045,9.978,10.0,0.0001,0.2,0
25.78,force,0.28995,0.4264,0.045,10.007,10.0,-0.0,0.2,0
25.79,force,0.28831,0.42755,0.045,10.099,10.0,-0.0002,0.2,0
25.8,force,0.28668,0.42871,0.045,9.926,10.0,0.0002,0.2,0
25.81,force,0.28505,0.42987,0.045,10.058,10.0,-0.0001,0.2,0
25.82,force,0.28342,0.43102,0.045,9.952,10.0,0.0001,0.2,0
25.83,force,0.28179,0.43218,0.045,10.011,10.0,-0.0,0.2,0
25.84,force,0.28015,0.43333,0.045,9.993,10.0,0.0,0.2,0
25.85,force,0.27852,0.43449,0.045,9.958,10.0,0.0001,0.2,0
25.86,force,0.27689,0.43565,0.045,9.959,10.0,0.0001,0.2,0
25.87,force,0.27526,0.4368,0.045,10.024,10.0,-0.0001,0.2,0
25.88,force,0.27363,0.43796,0.045,10.059,10.0,-0.0001,0.2,0
25.89,force,0.27199,0.43911,0.045,9.999,10.0,0.0,0.2,0
25.9,force,0.27036,0.44027,0.045,10.009,10.0,-0.0,0.2,0
25.91,force,0.26873,0.44143,0.045,10.034,10.0,-0.0001,0.2,0
25.92,force,0.2671,0.44258,0.045,9.955,10.0,0.0001,0.2,0
25.93,force,0.2651,0.44258,0.045,10.043,10.0,-0.0001,0.2,0
25.94,force,0.2631,0.44258,0.045,10.045,10.0,-0.0001,0.2,0
25.95,force,0.2611,0.44258,0.045,10.132,10.0,-0.0003,0.2,0
25.96,force,0.2591,0.44258,0.045,9.976,10.0,0.0001,0.2,0
25.97,force,0.2571,0.44258,0.045,9.973,10.0,0.0001,0.2,0
25.98,force,0.2551,0.44258,0.045,10.036,10.0,-0.0001,0.2,0
25.99,force,0.2531,0.44258,0.045,10.037,10.0,-0.0001,0.2,0
26.0,force,0.2511,0.44258,0.045,9.967,10.0,0.0001,0.2,0
26.01,force,0.2491,0.44258,0.045,9.975,10.0,0.0001,0.2,0
26.02,force,0.2471,0.44258,0.045,10.024,10.0,-0.0001,0.2,0
26.03,force,0.2451,0.44258,0.045,9.954,10.0,0.0001,0.2,0
26.04,force,0.2431,0.44258,0.045,9.977,10.0,0.0001,0.2,0
26.05,force,0.2411,0.44258,0.045,10.003,10.0,-0.0,0.2,0
26.06,force,0.2391,0.44258,0.045,10.048,10.0,-0.0001,0.2,0
26.07,force,0.2371,0.44258,0.045,9.966,10.0,0.0001,0.2,0
26.08,force,0.2351,0.44258,0.045,9.906,10.0,0.0002,0.2,0
26.09,force,0.2331,0.44258,0.045,9.907,10.0,0.0002,0.2,0
26.1,force,0.2311,0.44258,0.04499,9.944,10.0,0.0001,0.2,0
26.11,force,0.2291,0.44258,0.04499,9.944,10.0,0.0001,0.2,0
26.12,force,0.2271,0.44258,0.04499,10.005,10.0,-0.0,0.2,0
26.13,force,0.2251,0.44258,0.04499,9.953,10.0,0.0001,0.2,0
26.14,force,0.2231,0.44258,0.04499,9.98,10.0,0.0001,0.2,0
26.15,force,0.2211,0.44258,0.04499,9.978,10.0,0.0001,0.2,0
26.16,force,0.2191,0.44258,0.04499,9.995,10.0,0.0,0.2,0
26.17,force,0.2171,0.44258,0.04499,10.084,10.0,-0.0002,0.2,0
26.18,force,0.2151,0.44258,0.04499,10.047,10.0,-0.0001,0.2,0
26.19,force,0.2131,0.44258,0.04499,10.012,10.0,-0.0,0.2,0
26.2,force,0.2111,0.44258,0.04499,9.988,10.0,0.0,0.2,0
26.21,force,0.2091,0.44258,0.04499,9.99,10.0,0.0,0.2,0
26.22,force,0.2071,0.44258,0.04499,10.028,10.0,-0.0001,0.2,0
26.23,force,0.2051,0.44258,0.045,10.04,10.0,-0.0001,0.2,0
26.24,force,0.2031,0.44258,0.04499,9.963,10.0,0.0001,0.2,0
26.25,force,0.2011,0.44258,0.045,10.012,10.0,-0.0,0.2,0
26.26,force,0.1991,0.44258,0.04499,9.908,10.0,0.0002,0.2,0
26.27,force,0.1971,0.44258,0.04499,10.025,10.0,-0.0001,0.2,0
26.28,force,0.1951,0.44258,0.04499,10.051,10.0,-0.0001,0.2,0
26.29,force,0.1931,0.44258,0.04499,9.997,10.0,0.0,0.2,0
26.3,force,0.1911,0.44258,0.045,10.102,10.0,-0.0003,0.2,0
26.31,force,0.1891,0.44258,0.045,9.962,10.0,0.0001,0.2,0
26.32,force,0.1871,0.44258,0.045,10.019,10.0,-0.0,0.2,0
26.33,force,0.1851,0.44258,0.045,10.005,10.0,-0.0,0.2,0
26.34,force,0.1831,0.44258,0.045,10.002,10.0,-0.0,0.2,0
26.35,force,0.1811,0.44258,0.045,10.001,10.0,-0.0,0.2,0
26.36,force,0.1791,0.44258,0.045,10.012,10.0,-0.0,0.2,0
26.37,force,0.1771,0.44258,0.045,10.048,10.0,-0.0001,0.2,0
26.38,force,0.1751,0.44258,0.045,10.072,10.0,-0.0002,0.2,0
26.39,force,0.1731,0.44258,0.045,10.0,10.0,0.0,0.2,0
26.4,force,0.1711,0.44258,0.045,10.041,10.0,-0.0001,0.2,0
26.41,force,0.1691,0.44258,0.045,9.963,10.0,0.0001,0.2,0
26.42,force,0.1671,0.44258,0.045,10.038,10.0,-0.0001,0.2,0
26.43,force,0.1651,0.44258,0.045,9.96,10.0,0.0001,0.2,0
26.44,force,0.1631,0.44258,0.045,10.054,10.0,-0.0001,0.2,0
26.45,force,0.1611,0.44258,0.045,10.108,10.0,-0.0003,0.2,0
26.46,force,0.1591,0.44258,0.045,9.986,10.0,0.0,0.2,0
26.47,force,0.1571,0.44258,0.045,9.883,10.0,0.0003,0.2,0
26.48,force,0.1551,0.44258,0.045,9.971,10.0,0.0001,0.2,0
26.49,force,0.1531,0.44258,0.045,10.061,10.0,-0.0002,0.2,0
26.5,force,0.1511,0.44258,0.045,10.024,10.0,-0.0001,0.2,0
26.51,force,0.1491,0.44258,0.045,10.008,10.0,-0.0,0.2,0
26.52,force,0.1471,0.44258,0.045,10.045,10.0,-0.0001,0.2,0
26.53,force,0.1451,0.44258,0.045,10.017,10.0,-0.0,0.2,0
26.54,force,0.1431,0.44258,0.04501,10.053,10.0,-0.0001,0.2,0
26.55,force,0.1411,0.44258,0.04501,10.035,10.0,-0.0001,0.2,0
26.56,force,0.1391,0.44258,0.04501,10.063,10.0,-0.0002,0.2,0
26.57,force,0.1371,0.44258,0.04501,10.002,10.0,-0.0,0.2,0
26.58,force,0.1351,0.44258,0.04501,10.029,10.0,-0.0001,0.2,0
26.59,force,0.1331,0.44258,0.04501,9.967,10.0,0.0001,0.2,0
26.6,force,0.1311,0.44258,0.04501,9.954,10.0,0.0001,0.2,0
26.61,force,0.1291,0.44258,0.04501,10.071,10.0,-0.0002,0.2,0
26.62,force,0.1271,0.44258,0.04501,9.993,10.0,0.0,0.2,0
26.63,force,0.1251,0.44258,0.04501,10.023,10.0,-0.0001,0.2,0
26.64,force,0.1231,0.44258,0.04501,9.988,10.0,0.0,0.2,0
26.65,force,0.1211,0.44258,0.04501,9.953,10.0,0.0001,0.2,0
26.66,force,0.1191,0.44258,0.04501,9.985,10.0,0.0,0.2,0
26.67,force,0.1171,0.44258,0.04501,10.057,10.0,-0.0001,0.2,0
26.68,force,0.1151,0.44258,0.04501,10.01,10.0,-0.0,0.2,0
26.69,force,0.1131,0.44258,0.04501,9.896,10.0,0.0003,0.2,0
26.7,force,0.1111,0.44258,0.04501,9.976,10.0,0.0001,0.2,0
26.71,force,0.1091,0.44258,0.04501,10.077,10.0,-0.0002,0.2,0
26.72,force,0.1071,0.44258,0.04501,9.973,10.0,0.0001,0.2,0
26.73,force,0.1051,0.44258,0.045,9.895,10.0,0.0003,0.2,0
26.74,force,0.1031,0.44258,0.04501,10.085,10.0,-0.0002,0.2,0
26.75,force,0.10196,0.44094,0.04501,10.02,10.0,-0.0001,0.2,0
26.76,force,0.10082,0.43929,0.04501,9.982,10.0,0.0,0.2,0
26.77,force,0.09969,0.43764,0.04501,9.967,10.0,0.0001,0.2,0
26.78,force,0.09855,0.436,0.04501,10.042,10.0,-0.0001,0.2,0
26.79,force,0.09742,0.43435,0.04501,9.958,10.0,0.0001,0.2,0
26.8,force,0.09628,0.43271,0.04501,10.045,10.0,-0.0001,0.2,0
26.81,force,0.09514,0.43106,0.04501,10.012,10.0,-0.0,0.2,0
26.82,force,0.09401,0.42942,0.04501,9.997,10.0,0.0,0.2,0
26.83,force,0.09287,0.42777,0.04501,9.992,10.0,0.0,0.2,0
26.84,force,0.09132,0.42651,0.04501,9.976,10.0,0.0001,0.2,0
26.85,force,0.08977,0.42525,0.04501,10.038,10.0,-0.0001,0.2,0
26.86,force,0.08821,0.42399,0.04501,9.941,10.0,0.0001,0.2,0
26.87,force,0.08666,0.42272,0.045,9.906,10.0,0.0002,0.2,0
26.88,force,0.08511,0.42146,0.045,10.022,10.0,-0.0001,0.2,0
26.89,force,0.08356,0.4202,0.04501,10.022,10.0,-0.0001,0.2,0
26.9,force,0.08201,0.41894,0.04501,10.013,10.0,-0.0,0.2,0
26.91,force,0.08046,0.41768,0.04501,10.009,10.0,-0.0,0.2,0
26.92,force,0.0789,0.41641,0.04501,9.972,10.0,0.0001,0.2,0
26.93,force,0.07717,0.41542,0.04501,10.029,10.0,-0.0001,0.2,0
26.94,force,0.07543,0.41443,0.04501,9.986,10.0,0.0,0.2,0
26.95,force,0.07369,0.41344,0.045,9.964,10.0,0.0001,0.2,0
26.96,force,0.07196,0.41244,0.045,9.975,10.0,0.0001,0.2,0
26.97,force,0.07022,0.41145,0.04501,10.093,10.0,-0.0002,0.2,0
26.98,force,0.06849,0.41046,0.045,9.9,10.0,0.0002,0.2,0
26.99,force,0.06675,0.40947,0.045,10.017,10.0,-0.0,0.2,0
27.0,force,0.06501,0.40847,0.045,9.907,10.0,0.0002,0.2,0
27.01,force,0.06328,0.40748,0.045,9.99,10.0,0.0,0.2,0
27.02,force,0.0614,0.40678,0.045,9.974,10.0,0.0001,0.2,0
27.03,force,0.05953,0.40609,0.045,9.893,10.0,0.0003,0.2,0
27.04,force,0.05765,0.40539,0.045,10.022,10.0,-0.0001,0.2,0
27.05,force,0.05578,0.40469,0.045,9.983,10.0,0.0,0.2,0
27.06,force,0.0539,0.404,0.045,9.898,10.0,0.0003,0.2,0
27.07,force,0.05203,0.4033,0.045,10.05,10.0,-0.0001,0.2,0
27.08,force,0.05015,0.4026,0.045,10.077,10.0,-0.0002,0.2,0
27.09,force,0.04828,0.40191,0.045,10.076,10.0,-0.0002,0.2,0
27.1,force,0.0464,0.40121,0.045,10.016,10.0,-0.0,0.2,0
27.11,force,0.04444,0.40082,0.045,9.999,10.0,0.0,0.2,0
27.12,force,0.04248,0.40044,0.045,10.063,10.0,-0.0002,0.2,0
27.13,force,0.04052,0.40005,0.04501,10.078,10.0,-0.0002,0.2,0
27.14,force,0.03855,0.39967,0.04501,10.046,10.0,-0.0001,0.2,0
27.15,force,0.03659,0.39928,0.045,9.94,10.0,0.0001,0.2,0
27.16,force,0.03463,0.3989,0.045,10.0,10.0,-0.0,0.2,0
27.17,force,0.03267,0.39851,0.04501,10.012,10.0,-0.0,0.2,0
27.18,force,0.0307,0.39813,0.045,9.899,10.0,0.0003,0.2,0
27.19,force,0.02874,0.39774,0.045,10.018,10.0,-0.0,0.2,0
27.2,force,0.02674,0.39769,0.04501,10.107,10.0,-0.0003,0.2,0
27.21,force,0.02474,0.39763,0.04501,10.02,10.0,-0.0001,0.2,0
27.22,force,0.02274,0.39757,0.04501,10.061,10.0,-0.0002,0.2,0
27.23,force,0.02074,0.39751,0.04501,9.993,10.0,0.0,0.2,0
27.24,force,0.01875,0.39745,0.04501,9.981,10.0,0.0,0.2,0
27.25,force,0.01675,0.39739,0.04501,10.004,10.0,-0.0,0.2,0
27.26,force,0.01475,0.39733,0.04501,9.944,10.0,0.0001,0.2,0
27.27,force,0.01275,0.39727,0.045,9.94,10.0,0.0001,0.2,0
27.28,force,0.01075,0.39721,0.04501,10.054,10.0,-0.0001,0.2,0
27.29,force,0.00877,0.39748,0.04501,10.057,10.0,-0.0001,0.2,0
27.3,force,0.00678,0.39774,0.04501,9.936,10.0,0.0002,0.2,0
27.31,force,0.0048,0.39801,0.04501,10.037,10.0,-0.0001,0.2,0
27.32,force,0.00282,0.39827,0.04501,9.982,10.0,0.0,0.2,0
27.33,force,0.00084,0.39854,0.04501,10.004,10.0,-0.0,0.2,0
27.34,force,-0.00115,0.3988,0.04501,10.01,10.0,-0.0,0.2,0
27.35,force,-0.00313,0.39907,0.04501,10.036,10.0,-0.0001,0.2,0
27.36,force,-0.00511,0.39933,0.04501,9.989,10.0,0.0,0.2,0
27.37,force,-0.00709,0.3996,0.04501,10.056,10.0,-0.0001,0.2,0
27.38,force,-0.00901,0.40018,0.04501,9.998,10.0,0.0,0.2,0
27.39,force,-0.01092,0.40076,0.04501,10.014,10.0,-0.0,0.2,0
27.4,force,-0.01283,0.40135,0.04501,9.94,10.0,0.0001,0.2,0
27.41,force,-0.01474,0.40193,0.04501,10.092,10.0,-0.0002,0.2,0
27.42,force,-0.01666,0.40251,0.04501,10.003,10.0,-0.0,0.2,0
27.43,force,-0.01857,0.4031,0.04501,10.015,10.0,-0.0,0.2,0
27.44,force,-0.02048,0.40368,0.04501,9.898,10.0,0.0003,0.2,0
27.45,force,-0.0224,0.40426,0.04501,9.943,10.0,0.0001,0.2,0
27.46,force,-0.02431,0.40485,0.04501,10.049,10.0,-0.0001,0.2,0
27.47,force,-0.0261,0.40573,0.04501,9.998,10.0,0.0,0.2,0
27.48,force,-0.02789,0.40662,0.04501,9.888,10.0,0.0003,0.2,0
27.49,force,-0.02969,0.40751,0.04501,10.042,10.0,-0.0001,0.2,0
27.5,force,-0.03148,0.40839,0.04501,9.96,10.0,0.0001,0.2,0
27.51,force,-0.03327,0.40928,0.04501,10.06,10.0,-0.0002,0.2,0
27.52,force,-0.03507,0.41017,0.04501,9.982,10.0,0.0,0.2,0
27.53,force,-0.03686,0.41105,0.04501,9.998,10.0,0.0,0.2,0
27.54,force,-0.03865,0.41194,0.04501,10.046,10.0,-0.0001,0.2,0
27.55,force,-0.04044,0.41283,0.04501,9.94,10.0,0.0001,0.2,0
27.56,force,-0.04207,0.41399,0.045,9.938,10.0,0.0002,0.2,0
27.57,force,-0.04369,0.41516,0.045,9.981,10.0,0.0,0.2,0
27.58,force,-0.04532,0.41633,0.045,10.033,10.0,-0.0001,0.2,0
27.59,force,-0.04694,0.4175,0.045,9.924,10.0,0.0002,0.2,0
27.6,force,-0.04856,0.41866,0.045,9.911,10.0,0.0002,0.2,0
27.61,force,-0.05019,0.41983,0.045,10.04,10.0,-0.0001,0.2,0
27.62,force,-0.05181,0.421,0.045,9.966,10.0,0.0001,0.2,0
27.63,force,-0.05344,0.42216,0.045,9.979,10.0,0.0001,0.2,0
27.64,force,-0.05506,0.42333,0.045,9.906,10.0,0.0002,0.2,0
27.65,force,-0.05648,0.42474,0.045,9.97,10.0,0.0001,0.2,0
27.66,force,-0.05789,0.42616,0.045,10.005,10.0,-0.0,0.2,0
27.67,force,-0.0593,0.42757,0.045,10.052,10.0,-0.0001,0.2,0
27.68,force,-0.06072,0.42899,0.045,9.964,10.0,0.0001,0.2,0
27.69,force,-0.06213,0.4304,0.045,10.087,10.0,-0.0002,0.2,0
27.7,force,-0.06355,0.43182,0.045,9.966,10.0,0.0001,0.2,0
27.71,force,-0.06496,0.43323,0.045,9.968,10.0,0.0001,0.2,0
27.72,force,-0.06638,0.43464,0.045,10.08,10.0,-0.0002,0.2,0
27.73,force,-0.06779,0.43606,0.045,10.01,10.0,-0.0,0.2,0
27.74,force,-0.06972,0.43658,0.045,9.971,10.0,0.0001,0.2,0
27.75,force,-0.07165,0.4371,0.045,9.993,10.0,0.0,0.2,0
27.76,force,-0.07358,0.43762,0.045,10.069,10.0,-0.0002,0.2,0
27.77,force,-0.07551,0.43814,0.045,10.071,10.0,-0.0002,0.2,0
27.78,force,-0.07744,0.43866,0.045,9.953,10.0,0.0001,0.2,0
27.79,force,-0.07938,0.43918,0.045,9.994,10.0,0.0,0.2,0
27.8,force,-0.08131,0.4397,0.045,10.001,10.0,-0.0,0.2,0
27.81,force,-0.08324,0.44022,0.045,9.947,10.0,0.0001,0.2,0
27.82,force,-0.08517,0.44074,0.045,9.996,10.0,0.0,0.2,0
27.83,force,-0.0871,0.44126,0.045,10.0,10.0,0.0,0.2,0
27.84,force,-0.08903,0.44178,0.045,10.056,10.0,-0.0001,0.2,0
27.85,force,-0.09096,0.44231,0.045,10.057,10.0,-0.0001,0.2,0
27.86,force,-0.09296,0.44231,0.045,9.977,10.0,0.0001,0.2,0
27.87,force,-0.09496,0.44231,0.045,9.984,10.0,0.0,0.2,0
27.88,force,-0.09696,0.44231,0.045,10.029,10.0,-0.0001,0.2,0
27.89,force,-0.09896,0.44231,0.045,9.965,10.0,0.0001,0.2,0
27.9,force,-0.10096,0.44231,0.045,10.025,10.0,-0.0001,0.2,0
27.91,force,-0.10296,0.44231,0.045,9.99,10.0,0.0,0.2,0
27.92,force,-0.10496,0.44231,0.045,9.947,10.0,0.0001,0.2,0
27.93,force,-0.10696,0.44231,0.045,9.95,10.0,0.0001,0.2,0
27.94,force,-0.10896,0.44231,0.045,10.073,10.0,-0.0002,0.2,0
27.95,force,-0.11096,0.44231,0.045,9.989,10.0,0.0,0.2,0
27.96,force,-0.11296,0.44231,0.045,10.079,10.0,-0.0002,0.2,0
27.97,force,-0.11496,0.44231,0.045,9.968,10.0,0.0001,0.2,0
27.98,force,-0.11696,0.44231,0.045,10.009,10.0,-0.0,0.2,0
27.99,force,-0.11896,0.44231,0.04501,10.114,10.0,-0.0003,0.2,0
28.0,force,-0.12096,0.44231,0.045,9.936,10.0,0.0002,0.2,0
28.01,force,-0.12296,0.44231,0.045,9.897,10.0,0.0003,0.2,0
28.02,force,-0.12496,0.44231,0.045,10.061,10.0,-0.0002,0.2,0
28.03,force,-0.12696,0.44231,0.045,9.953,10.0,0.0001,0.2,0
28.04,force,-0.12896,0.44231,0.045,9.995,10.0,0.0,0.2,0
28.05,force,-0.13096,0.44231,0.045,9.967,10.0,0.0001,0.2,0
28.06,force,-0.13296,0.44231,0.045,10.012,10.0,-0.0,0.2,0
28.07,force,-0.13496,0.44231,0.045,9.95,10.0,0.0001,0.2,0
28.08,force,-0.13696,0.44231,0.045,9.991,10.0,0.0,0.2,0
28.09,force,-0.13896,0.44231,0.045,10.023,10.0,-0.0001,0.2,0
28.1,force,-0.14096,0.44231,0.045,9.949,10.0,0.0001,0.2,0
28.11,force,-0.14296,0.44231,0.045,9.967,10.0,0.0001,0.2,0
28.12,force,-0.14496,0.44231,0.045,9.986,10.0,0.0,0.2,0
28.13,force,-0.14696,0.44231,0.045,9.933,10.0,0.0002,0.2,0
28.14,force,-0.14896,0.44231,0.045,9.987,10.0,0.0,0.2,0
28.15,force,-0.15096,0.44231,0.045,10.014,10.0,-0.0,0.2,0
28.16,force,-0.15296,0.44231,0.045,9.988,10.0,0.0,0.2,0
28.17,force,-0.15496,0.44231,0.045,9.995,10.0,0.0,0.2,0
28.18,force,-0.15696,0.44231,0.045,10.008,10.0,-0.0,0.2,0
28.19,force,-0.15896,0.44231,0.045,9.976,10.0,0.0001,0.2,0
28.2,force,-0.16096,0.44231,0.045,10.044,10.0,-0.0001,0.2,0
28.21,force,-0.16296,0.44231,0.045,10.079,10.0,-0.0002,0.2,0
28.22,force,-0.16496,0.44231,0.045,9.98,10.0,0.0001,0.2,0
28.23,force,-0.16696,0.44231,0.045,10.029,10.0,-0.0001,0.2,0
28.24,force,-0.16896,0.44231,0.045,9.991,10.0,0.0,0.2,0
28.25,force,-0.17096,0.44231,0.045,10.022,10.0,-0.0001,0.2,0
28.26,force,-0.17296,0.44231,0.045,10.081,10.0,-0.0002,0.2,0
28.27,force,-0.17496,0.44231,0.045,10.024,10.0,-0.0001,0.2,0
28.28,force,-0.17696,0.44231,0.045,9.909,10.0,0.0002,0.2,0
28.29,force,-0.17896,0.44231,0.045,10.025,10.0,-0.0001,0.2,0
28.3,force,-0.18096,0.44231,0.045,10.062,10.0,-0.0002,0.2,0
28.31,force,-0.18296,0.44231,0.045,9.986,10.0,0.0,0.2,0
28.32,force,-0.18496,0.44231,0.045,10.048,10.0,-0.0001,0.2,0
28.33,force,-0.18696,0.44231,0.045,9.961,10.0,0.0001,0.2,0
28.34,force,-0.18896,0.44231,0.045,9.923,10.0,0.0002,0.2,0
28.35,force,-0.19096,0.44231,0.045,10.009,10.0,-0.0,0.2,0
28.36,force,-0.19296,0.44231,0.045,9.913,10.0,0.0002,0.2,0
28.37,force,-0.19496,0.44231,0.045,9.994,10.0,0.0,0.2,0
28.38,force,-0.19696,0.44231,0.045,10.07,10.0,-0.0002,0.2,0
28.39,force,-0.19896,0.44231,0.045,9.907,10.0,0.0002,0.2,0
28.4,force,-0.20096,0.44231,0.045,9.943,10.0,0.0001,0.2,0
28.41,force,-0.20296,0.44231,0.04499,9.958,10.0,0.0001,0.2,0
28.42,force,-0.20496,0.44231,0.04499,10.009,10.0,-0.0,0.2,0
28.43,force,-0.20696,0.44231,0.04499,9.993,10.0,0.0,0.2,0
28.44,force,-0.20896,0.44231,0.045,10.082,10.0,-0.0002,0.2,0
28.45,force,-0.21096,0.44231,0.045,10.056,10.0,-0.0001,0.2,0
28.46,force,-0.21296,0.44231,0.045,10.03,10.0,-0.0001,0.2,0
28.47,force,-0.21496,0.44231,0.045,10.011,10.0,-0.0,0.2,0
28.48,force,-0.21696,0.44231,0.045,10.023,10.0,-0.0001,0.2,0
28.49,force,-0.21896,0.44231,0.045,9.959,10.0,0.0001,0.2,0
28.5,force,-0.22096,0.44231,0.045,10.047,10.0,-0.0001,0.2,0
28.51,force,-0.22296,0.44231,0.045,9.946,10.0,0.0001,0.2,0
28.52,force,-0.22496,0.44231,0.045,10.046,10.0,-0.0001,0.2,0
28.53,force,-0.22696,0.44231,0.045,10.062,10.0,-0.0002,0.2,0
28.54,force,-0.22896,0.44231,0.045,10.01,10.0,-0.0,0.2,0
28.55,force,-0.23096,0.44231,0.045,9.99,10.0,0.0,0.2,0
28.56,force,-0.23296,0.44231,0.045,10.019,10.0,-0.0,0.2,0
28.57,force,-0.23496,0.44231,0.045,9.855,10.0,0.0004,0.2,0
